,author_id,created_at,id,text,impression_count,like_count,quote_count,reply_count,retweet_count,year,month,original_language
0,1151510939105144834,2022-12-29T16:39:19.000Z,1608502937332113408,empieza aÃ±o formÃ¡ndote profesiones ğ—±ğ—²ğ—ºğ—®ğ—»ğ—±ğ—® ğ—¹ğ—®ğ—¯ğ—¼ğ—¿ğ—®ğ—¹ âš  toma riendas vente / open day contaremos bootcamps cambiarÃ¡n vida junto thebridge_tech ğŸ¤¯ {link},113,4,0,0,1,2022,12,es
1,570795448,2022-12-29T12:52:11.000Z,1608445776732246017,bootcamps tecnolÃ³gicos edem thebridge_tech empleos demandados ğŸ” â–¶ data science â–¶ desarrollo web full stack â–¶ ux/ui product design â–¶ ciberseguridad toda info â¬‡ {link},124,2,0,0,0,2022,12,es
2,1128860148,2022-12-29T09:16:11.000Z,1608391421014196224,edemempresarios acoge enero open day participan responsables thebridge_tech edemempresarios presentar bootcamps acercarÃ¡n alumnos profesiones alta demanda {link},49,2,0,0,0,2022,12,es
3,570795448,2022-12-27T09:00:57.000Z,1607662809575292929,si buscando profesiÃ³n cambie vida acÃ©rcate open day presentaremos alianza #edempoweredbythebridge thebridge_tech serie bootcamps desarrollo digital tecnolÃ³gico {link} {link},218,5,0,0,0,2022,12,es
4,1162694149956603904,2022-12-23T12:54:06.000Z,1606271930763354112,thebridge_tech deseo tiğŸ’« Â¡quÃ© venga cargado Ã©xitos Â¡felices fiestasğŸ„ #christmastime #felicesfiestas #navidad #bye {link},120,1,0,0,1,2022,12,es
5,799935450844631040,2022-12-22T23:51:18.000Z,1606074933033009152,edemempresarios thebridge_tech alÃ­an impartir bootcamps desarrollo digital tecnolÃ³gico valencia marina_empresas â˜› {link} #mediterrÃ¡neopress #tudiariodigital #comunitatvalenciana #polÃ­tica #economÃ­a #empresa #turismo vÃ­a mediterrneopress,108,3,0,0,0,2022,12,es
6,921670812637257728,2022-12-22T09:59:38.000Z,1605865639213670400,ğŸ“š formaciÃ³n edemempresarios aceleradora talento digital thebridge_tech unen impartir #bootcamps tecnolÃ³gicos objetivo reducir brecha digital potenciar formaciÃ³n competencias digitales tecnolÃ³gicas ğŸ“ª valenciaplaza {link},142,2,0,0,0,2022,12,es
7,1162694149956603904,2022-12-22T08:55:25.000Z,1605849476895162368,Â¡ven prÃ³ximo #opendayvalencia conoce #bootcamps edemempresarios thebridge_tech fÃ³rmate #uxuiproductdesign #ciberseguridad #desarrollowebfullstack #datascienceğŸš€ ğŸ“… ene â° h ğŸ“ edem marina valencia apÃºntate {link} {link},308,4,0,0,4,2022,12,es
8,1175646685,2022-12-21T13:15:56.000Z,1605552650119847938,edem the bridge alÃ­an impartir bootcamps desarrollo digital tecnolÃ³gico valencia {link} edemempresarios marina_empresas thebridge_tech #bootcampsdedesarrollodigitalytecnolÃ³gico,321,7,0,0,1,2022,12,es
9,402013017,2022-12-21T12:30:01.000Z,1605541094397198336,ğŸ’» edemempresarios thebridge_tech alÃ­an impartir bootcamps desarrollo digital tecnolÃ³gico valÃ¨ncia {link},538,5,0,0,2,2022,12,es
10,1128860148,2022-12-21T11:34:12.000Z,1605527050898505729,edemempresarios thebridge_tech impartirÃ¡n bootcamps tecnolÃ³gicos enero formar competencias digitales empleabilidad demanda {link},149,4,0,0,1,2022,12,es
11,570795448,2022-12-21T10:12:46.000Z,1605506556123963392,#edempoweredbythebridge revoluciÃ³n formativa tecnologÃ­ağŸ¤¯ thebridge_tech #edem unimos formar profesiones cambiarÃ¡n vidas especialÃ­zate #bootcamps intensivos tecnologÃ­a ğŸ‘©â€ğŸ’» inicio cambio ğŸ‘‰ {link} {link},329,6,0,0,3,2022,12,es
12,1407291884901482496,2022-12-16T10:45:37.000Z,1603702882209075200,palabras agradecimiento anfitriÃ³n thebridge_tech cuyo consejero delegado iker arce ikerarceseco intervino sesiÃ³n inaugural i congreso #ciberseguridad #pymes pasado diciembre {link},26,1,0,0,0,2022,12,es
13,1530194743786881024,2022-12-13T18:53:22.000Z,1602738464902250497,libertariadora javieramaestre kilrau gabohbeaumont olya_borderless ğŸ™ğŸ» thebridge_tech,0,2,0,0,0,2022,12,en
14,1162694149956603904,2022-12-13T08:12:57.000Z,1602577299689308162,#bbkbootcamps entrenamiento militar llevado Ã¡mbito tecnolÃ³gico ğŸ¤” campus manager #bilbao jorgegrev explica â–¶ Â¡acelera carrera digital bbk_eus thebridge_tech info {link} {link},0,4,0,0,4,2022,12,es
15,108885393,2022-12-12T08:15:33.000Z,1602215568127426562,ğŸ’¡Â¡interesante entrevista director tecnologÃ­a ramon lozano cÃ³mo afrontar problemas #talento #digital empresas tecnolÃ³gicas {link} #bezucchetti #innovaciÃ³n #tecnologÃ­a bbk_eus thebridge_tech zucchettispa zucchettiworld,0,3,0,0,0,2022,12,es
16,1162694149956603904,2022-12-07T15:07:46.000Z,1600507365006131204,#webdeveloper âƒ£ semanas ven conocer #bootcamp formacion_fuc thebridge_tech Â¡un entrenamiento % prÃ¡ctico dominar stack mern conoce programa resuelve dudasğŸ‘¨â€ğŸ’» ğŸ“… dic â° h Â¡apÃºntate {link} {link},0,1,0,0,1,2022,12,es
17,49219057,2022-12-06T18:40:34.000Z,1600198528323575809,hoy llegÃ³ Â«certificado graduaciÃ³nÂ» #fullstackdeveloper thebridge_tech promovido funiversia financiado indracompany / minsaitbyindra Â¡toca celebrar {link},0,1,1,1,0,2022,12,es
18,702077405045899264,2022-12-06T10:00:16.000Z,1600067592143740931,presentaciÃ³n nuevos #bbkbootcamps realizada colaboraciÃ³n thebridge_tech bat_tower charlamos ramÃ³n lozano zucchettispain principales problemas #talento #digital surgen empresas tecnolÃ³gicas cÃ³mo afrontarlos {link},0,3,0,0,1,2022,12,es
19,146406912,2022-12-05T18:21:51.000Z,1599831430288359449,guillerdorron rt bbk_eus tras presentaciÃ³n nueva ediciÃ³n #bbkbootcamps realizada colaboraciÃ³n thebridge_tech torre bat_tower pudimos charlar guillerdorron zabala_ic cÃ³mo potenciar #talento actual cuÃ¡leâ€¦ {link},0,1,0,0,0,2022,12,es
20,702077405045899264,2022-12-05T14:00:20.000Z,1599765621025169409,tras presentaciÃ³n nueva ediciÃ³n #bbkbootcamps realizada colaboraciÃ³n thebridge_tech torre bat_tower pudimos charlar guillerdorron zabala_ic cÃ³mo potenciar #talento actual cuÃ¡les perfiles tecnolÃ³gicos demandados {link},0,7,0,0,2,2022,12,es
21,1530194743786881024,2022-12-03T14:08:46.000Z,1599042965573599233,agredecemos thebridge_tech acoger meetup vez mas ğŸ”¥ parece #bitcoin ers pueden comportarse despuÃ©s ğŸ˜ mas thebridge_tech {link} {link},0,5,0,0,4,2022,12,es
22,108885393,2022-12-02T08:40:07.000Z,1598597870797688833,ğŸ’¡ interesante intervenciÃ³n ramÃ³n lozano director #tecnologia zucchetti spain mesa redonda urgencia cerrar brecha digital euskadi celebrada ayer iniciativa bbk_eus thebridge_tech #bezucchetti zucchettispa zucchettiworld {link},0,4,0,0,1,2022,12,it
23,702077405045899264,2022-12-01T16:54:08.000Z,1598359807005802497,especial agradecimiento sarasola_nora directora obra social ikerarceseco ceo thebridge_tech oaldayturriaga responsable educaciÃ³n talento emprendimiento tomas iriondo director clustergaia guillerdorron zabala_ic ramon lozano zucchettispain,0,4,0,0,0,2022,12,es
24,702077405045899264,2022-12-01T16:01:03.000Z,1598346448138956801,ğŸ”™ atzo oso jardunaldi interesgarria izan genuen bat_tower -ean thebridge_tech -rekin elkarlanean egindako bbk bootcamp-en edizio berria aurkezteko ekitaldian mila esker aurkezpenera etorri zineten guztioi ğŸ¤— â„¹ï¸â• {link} {link},0,0,0,0,0,2022,12,nl
25,702077405045899264,2022-12-01T15:58:32.000Z,1598345815583608832,ğŸ”™ ayer vivimos jornada interesante evento presentaciÃ³n nueva ediciÃ³n #bbkbootcamps realizada colaboraciÃ³n thebridge_tech bat_tower muchas gracias todas personas acudisteis presentaciÃ³n ğŸ¤— â•â„¹ï¸ {link} {link},0,3,0,1,2,2022,12,es
26,2529499620,2022-12-01T13:17:27.000Z,1598305274309316609,quieres conocer #bootcamp #desarrollowebfullstack thebridge_tech fundacionuc pierdas sesiÃ³n informativaâ—â— ğŸ“… diciembre â°h ğŸ“ campus madrid-puerta toledo ğŸ’» online ğŸ«entrada #gratuita â¡ {link} {link},0,3,1,0,3,2022,12,es
27,2402179123,2022-12-01T12:45:37.000Z,1598297264078098432,tarde presentaciÃ³n #bbkbootcamps by thebridge_tech bbk_kuna â¡ï¸ Â¡pÃ¡sate conocernos {link} {link},0,5,0,0,5,2022,12,es
28,1327588137346998273,2022-12-01T02:29:27.000Z,1598142203272261632,thebridge_tech asocia inco academy impulsar inclusiÃ³n promover empleabilidad sector tecnolÃ³gicoğŸ”µ âœ…mira nota completa aquÃ­ {link} ğŸ‘‰ ğŸ‘‰suscrÃ­bete newsletter mensual {link} ğŸ‘ˆğŸ‘ˆ {link},0,2,0,0,2,2022,12,es
29,146406912,2022-11-30T15:55:35.000Z,1597982684487340040,guillerdorron rt bbk_eus ğŸ¤” zer dira bbk eta thebridge_tech -en #bbkbootcamps -ak bootcamp metodologia ikastaroak dira full stack web garapenerako datuen zientziarako zibersegurtasunerako eta ux/ui produktuen diseinurako nora sarasolak hobetoâ€¦ {link},0,0,0,0,0,2022,11,eusk
30,146406912,2022-11-30T15:55:34.000Z,1597982680087465984,guillerdorron rt bbk_eus finaliza jornada presentaciÃ³n nueva ediciÃ³n #bbkbootcamps ğŸ‘ eskerrik asko gurera gerturatu zareten guztioi construye carrera sector digital â© {link} bbk ğŸ¤ thebridge_tech {link},0,0,0,0,0,2022,11,es
31,146406912,2022-11-30T15:55:34.000Z,1597982677675778048,guillerdorron rt bbk_eus #bbkbootcamps | ğŸ—£ guillermo dorronso management advisory board zabala_ic â¤µï¸ bbk ğŸ¤ thebridge_tech {link},0,0,0,0,0,2022,11,en
32,1951117790,2022-11-30T12:39:00.000Z,1597933210767433732,open day #bilbao conocer #bootcam ğŸ—“ï¸ // â° ğŸ“ bbk_kuna ğŸ—£ï¸jorgegrev by thebridge_tech {link} bbknetwork ğŸ·ï¸#bbkbootcamps #bizkaia #fullstack #data #ux #ciberseguridad,0,9,0,0,5,2022,11,en
33,702077405045899264,2022-11-30T09:45:27.000Z,1597889537627283456,#bbkbootcamps | ğŸ—£ guillermo dorronso management advisory board zabala_ic â¤µï¸ bbk ğŸ¤ thebridge_tech {link},0,5,3,0,3,2022,11,en
34,702077405045899264,2022-11-30T09:45:04.000Z,1597889440789282817,finaliza jornada presentaciÃ³n nueva ediciÃ³n #bbkbootcamps ğŸ‘ eskerrik asko gurera gerturatu zareten guztioi construye carrera sector digital â© {link} bbk ğŸ¤ thebridge_tech {link},0,5,1,0,2,2022,11,es
35,702077405045899264,2022-11-30T09:43:54.000Z,1597889145497653249,#bbkbootcamps | ğŸ—£ ramÃ³n lozano director tecnologÃ­a zucchettispain â¤µï¸ bbk ğŸ¤ thebridge_tech {link},0,4,1,0,2,2022,11,en
36,702077405045899264,2022-11-30T09:33:32.000Z,1597886536896450562,ğŸ—£ tomÃ¡s iriondo clustergaia -ko ceo #eteari lagundu behar diogu eta horretarako #talentua sortu behar dugu horrelako ekimenak hala nola #bbkbootcamp -ak idealak dira bbk ğŸ¤ thebridge_tech {link},0,3,0,0,1,2022,11,eusk
37,702077405045899264,2022-11-30T09:32:30.000Z,1597886276056776704,ğŸ—£ tomÃ¡s iriondo ceo clustergaia ayudar #pyme necesitamos crear #talento tipo iniciativas #bbkbootcamps ideales bbk ğŸ¤ thebridge_tech {link},0,4,0,0,3,2022,11,es
38,702077405045899264,2022-11-30T09:09:45.000Z,1597880551578419201,ğŸ¤” zer dira bbk eta thebridge_tech -en #bbkbootcamps -ak bootcamp metodologia ikastaroak dira full stack web garapenerako datuen zientziarako zibersegurtasunerako eta ux/ui produktuen diseinurako nora sarasolak hobeto kontatzen digu hemen â¤µï¸ {link},0,4,0,0,2,2022,11,eusk
39,702077405045899264,2022-11-30T09:06:45.000Z,1597879796121407488,ğŸ¤” #bbkbootcamps bbk thebridge_tech cursos metodologÃ­a bootcamp desarrollo web full stack #datascience #ciberseguridad diseÃ±o producto ux/ui nora sarasola cuenta â¤µï¸ {link},0,4,0,0,2,2022,11,es
40,702077405045899264,2022-11-30T08:53:19.000Z,1597876414908432385,ğŸ—£ iker arcerekin thebridge_tech -eko ceo-a jarraitzen dugu oraingoan munduko gap skill-en eta postu digitalen testuinguru globalena aurkeztuko digu europan eta espainian batik bat #bbkbootcamps bat_tower {link},0,3,0,0,1,2022,11,eusk
41,702077405045899264,2022-11-30T08:51:00.000Z,1597875833699459072,ğŸ—£ continuamos iker arce ceo thebridge_tech presenta contexto global gap skills puestos digitales datos mundo #europa marco comparado #espaÃ±a #bbkbootcamps bat_tower {link},0,3,0,0,2,2022,11,es
42,702077405045899264,2022-11-30T08:43:35.000Z,1597873965812285440,ğŸ—£ nora sarasolak bbk-ko gizarte ekintzako zuzendariak hasiera eman dio jardunaldiari #euskadi -ra talentuaren erronka ekarriz industriarentzat gizarteratze digitalarentzat bbk ğŸ¤ thebridge_tech #bbkbootcamps {link},0,3,0,0,1,2022,11,eusk
43,702077405045899264,2022-11-30T08:41:37.000Z,1597873472679694336,ğŸ—£ nora sarasola directora obra social bbk da comienzo jornada presentaciÃ³n #bbkbootcamps trayendo #euskadi reto talento industria inclusiÃ³n social digital bbk ğŸ¤ thebridge_tech {link},0,5,0,0,1,2022,11,es
44,702077405045899264,2022-11-30T08:25:38.000Z,1597869451222913027,â˜•ï¸ğŸ¥ jardunaldia enpresentzako gosariarekin hasi da bat_tower -ean eraiki zure karrera sektore digitalean #bbkbootcamps -en edizio berri honekin bbk ğŸ¤ thebridge_tech {link},0,2,0,0,0,2022,11,nl
45,702077405045899264,2022-11-30T08:21:21.000Z,1597868371663519744,â˜•ï¸ğŸ¥ comienza jornada desayuno empresas construye carrera sector digital nueva ediciÃ³n #bbkbootcamps bbk ğŸ¤ thebridge_tech {link},0,2,0,0,2,2022,11,es
46,702077405045899264,2022-11-30T08:13:41.000Z,1597866442841628672,ğŸ”› aurkezpen eguna thebridge_tech eta #bbk -k indarrak batu ditugu #bbkbootcamps -en edizio berri honetan ğŸ’» ikasi gaur etorkizuneko lanbideak {link},0,2,0,0,1,2022,11,eusk
47,702077405045899264,2022-11-30T08:10:23.000Z,1597865610167439362,ğŸ”› dÃ­a presentaciÃ³n thebridge_tech #bbk unimos fuerzas presentaros nueva ediciÃ³n #bbkbootcamps ğŸ’» aprende hoy profesiones futuro {link},0,4,0,0,2,2022,11,es
48,378449449,2022-11-29T16:21:33.000Z,1597626830764511232,jueves diciembre bbk_kuna #bilbao presentan bbk #bootcamps by thebridge_tech especialidades #fullstack #ciberseguridad #dataanalyst #ciberseguridad inscrÃ­bete evento networking {link},0,3,0,0,1,2022,11,es
49,2402179123,2022-11-29T16:18:50.000Z,1597626145289428992,jueves diciembre bbk_kuna #bilbao presentan bbk #bootcamps by thebridge_tech especialidades #fullstack #ciberseguridad #dataanalyst #ciberseguridad inscÃ­bete evento networking ğŸ» {link},0,1,0,0,0,2022,11,es
50,1162694149956603904,2022-11-29T10:49:52.000Z,1597543359220183040,quieres conocer #bootcamp #desarrollowebfullstack formacion_fuc thebridge_tech ğŸ¤—Â¡ven sesiÃ³n informativa ğŸ“… diciembre â°h ğŸ“ campus puerta toledo u online entradas ğŸŸ {link} Â¡resolveremos todas dudasğŸ˜‰ {link},0,3,0,0,3,2022,11,es
51,137698811,2022-11-29T10:31:58.000Z,1597538855539789825,ismsforum cyber_madrid invitan i congreso #ciberseguridad #pymes ğŸ“… diciembre presencial pÂº recoletos madrid sede thebridge_tech ğŸ•¤ h h inscrÃ­bete gratis cÃ³digo iconcibermad ğŸ‘‡ğŸ‘‡ğŸ‘‡ {link} {link},0,2,1,0,1,2022,11,es
52,2402179123,2022-11-29T07:18:02.000Z,1597490049087520769,â˜• miÃ©rcoles nov bat_tower desayuno urgencia cerrar brecha #talento digital #euskadi â¡ {link} ğŸ» jueves dic bbk_kuna open day bbk #bootcamps by thebridge_tech â¡ {link} allÃ­,0,5,0,0,5,2022,11,es
53,1162694149956603904,2022-11-28T14:17:28.000Z,1597233215789355009,Ã¡lvaro querÃ­a reorientar carrera hacia #uxuidesign ğŸ¤³ buscaba rÃ¡pido enfocado usuario encontrÃ³ #bootcamp #uxuiproductdesign thebridge_tech tan solo meses tarde trabajando sector ğŸ™Œ Â¡gracias Ã¡lvaro contar experiencia {link},0,1,0,0,1,2022,11,es
54,1407291884901482496,2022-11-28T08:12:55.000Z,1597141474600050690,cyber_madrid organiza i congreso #ciberseguridad #pymes ğŸ“… diciembre ğŸ™ modalidad presencial ğŸ¢ palacio lÃ³pez-dÃ³riga pÂº recoletos madrid sede thebridge_tech ğŸ•¤h h inscrÃ­bete aforo limitado ğŸ‘‡ğŸ‘‡ğŸ‘‡ {link} {link},0,2,0,0,1,2022,11,es
55,823470817963032576,2022-11-24T12:15:15.000Z,1595752907684843520,ğŸ”µacelera carrera digital #bbkbootcamps gracias colaboraciÃ³n bbk_eus thebridge_tech podrÃ¡s formarte mejores profesionales lograr trabajo proyecciÃ³n ğŸ”—elige curso {link} #ux #developers #ciberseguridad #datascience,0,4,0,0,3,2022,11,es
56,1162694149956603904,2022-11-23T10:13:36.000Z,1595359906747617280,Â¡ven conocer bbk bootcamps powered by thebridge_tech bbk_eus prÃ³ximo open dayğŸ¤— ğŸ“… dic â° ğŸ“ bbk_kuna urazurrutia kalea bilbao Â¡lÃ¡nzate carrera digital ğŸŸentradas {link} #uxui #ciber #desarrollowebfullstack #datascience {link},0,3,0,0,4,2022,11,en
57,783248945761910788,2022-11-22T08:18:42.000Z,1594968601265586178,acelerando juntos #talentodigital espaÃ±a prÃ³ximo noviembre #ceo juan zamora presentarÃ¡ hopla instalaciones thebridge_tech h contaremos quiÃ©nes hacemos cÃ³mo desarrollar #carrerarofesional fructÃ­fera {link},0,3,0,1,1,2022,11,es
58,702077405045899264,2022-11-22T08:05:10.000Z,1594965197613322241,ikasi gaur etorkizuneko lanbideak izena eman #bbkbootcamp -ean â© {link} thebridge_tech -ekin batera full stack web garapena data science zibersegurtasuna eta ux ui produktu digitalaren diseinuari buruz ikasteko aukera izango duzu {link},0,2,0,0,1,2022,11,eusk
59,702077405045899264,2022-11-22T08:01:31.000Z,1594964278238654471,aprende hoy profesiones futuro Â¡inscrÃ­bete #bbkbootcamp â© {link} junto thebridge_tech podrÃ¡s aprender desarrollo web full stack data science ciberseguridad diseÃ±o producto digital ux ui {link},0,2,0,0,2,2022,11,es
60,936539844079218688,2023-03-07T17:16:14.000Z,1633154604018876416,Â¡hola #dataholics primavera trompetera esquinasğŸŒ¼y celebrarlo organizando nueva ediciÃ³n #databeers Â¡y van ğŸ“…jueves / ğŸ“ sngular #sevilla ğŸ» by opensistemas thebridge_tech Â¡inscrÃ­bete {link},357,8,1,0,3,2023,3,es
61,1585726199485140993,2023-03-06T10:38:30.000Z,1632692123412594688,inscripciones realizarÃ¡n eventbrite cualquier duda md correo infoesoliupoes {link} epsupo thebridge_tech,31,0,0,0,0,2023,3,es
62,1585726199485140993,2023-03-06T10:38:30.000Z,1632692120719859712,Â¡por fin podemos publicar cartel ponentes #cybersectalks si interesadx alguna temÃ¡ticas aparecen dudes venir totalmente gratuito gracias patrocinio thebridge_tech colaboraciÃ³n epsupo pablodeolavide + info abajo {link},950,5,1,1,3,2023,3,es
63,41545659,2023-03-06T08:48:56.000Z,1632664546665025536,encuentro mlopscommunity madrid mlops trincheras {link} thebridge_tech ven conocer prÃ¡ctica #mlops correcto busuu wallapop {link},90,3,0,0,1,2023,3,es
64,925597948410580993,2023-03-04T22:32:56.000Z,1632147141224275970,nodosenlared snowded thebridge_tech buena foto cÃ­rculo bellas artes,35,1,0,0,0,2023,3,es
65,276656109,2023-03-04T14:08:54.000Z,1632020293509083137,paumugarra tonidorta thebridge_tech {link},28,2,0,0,0,2023,3,en
66,1003872445,2023-03-04T11:22:58.000Z,1631978537904222211,meetup jueves marzo tonidorta realizarÃ¡ finalmente thebridge_tech ğŸ˜„ sentimos tremendamente agradecidos generosidad Â¡nos vemos jueves,1068,9,1,1,3,2023,3,es
67,763727449,2023-03-03T15:13:49.000Z,1631674245896982528,hoy llegÃ³ estupenda mochila gadgets pasar rampup #bootcamp desarrollo web gracias thebridge_tech detalle ğŸ˜±ğŸ§‘â€ğŸ’» #fullstackdeveloper {link},10,0,0,0,0,2023,3,es
68,1207228796593745920,2023-03-03T10:26:54.000Z,1631602040739713024,rperezmarco bitcointuesday_ thebridge_tech ğŸ‘‡ğŸ‘‡ {link},45,0,0,0,0,2023,3,en
69,1207228796593745920,2023-03-03T10:22:22.000Z,1631600898777444354,publicado meetup bitcointuesday_ marzo pm thebridge_tech interesante aplicaciones bitcoin agram project crea aplicaciones necesidad usar cÃ³digo stack tecnologÃ­as bitcoin {link},442,11,1,0,4,2023,3,es
70,1207228796593745920,2023-03-03T06:54:01.000Z,1631548465649008640,rperezmarco bitcointuesday_ thebridge_tech espero hoy digan comunique ğŸ˜¬ğŸ˜¬ {link},73,0,0,0,0,2023,3,es
71,2603024598,2023-03-03T05:33:19.000Z,1631528154744406018,decentralized_b bitcointuesday_ thebridge_tech suspense miniscript,182,2,0,2,0,2023,3,en
72,1207228796593745920,2023-03-02T10:44:35.000Z,1631244101902270464,marzo meetup madrid bitcointuesday_ va hablar proyecto interesante poder realizar desarrollos bitcoin breve pasarÃ¡n detalles ir reservando dÃ­a hora pm thebridge_tech,2331,21,1,2,11,2023,3,es
73,1099588676181471233,2023-03-01T07:24:05.000Z,1630831255922114562,thebridge_tech vacolba interesante,12,0,0,0,0,2023,3,en
74,67324480,2023-02-28T10:24:35.000Z,1630514293870321670,thebridge_tech product marketing specialist online the bridge | digital talent accelerator madrid - â‚¬ {link},7,0,0,0,0,2023,2,en
75,1685197165,2023-02-17T13:30:41.000Z,1626574858590076928,urdulizftef estileon workinlansummit thebridge_tech bbk_eus psebizkaia josebamondarain grupo_ssi socialistavasco psebilbao mtzgra elcorreo_alava elcorreo_com metxebarria_vg mjgutierrez_upv nora_abete landpto aranglez ararteko instagram Ãºltimas fotografÃ­as publicadas #workinlan puedes verlas siguiente pantalla ğŸ‘€ ğŸ“¸ {link},58,2,0,0,0,2023,2,es
76,1685197165,2023-02-17T13:28:00.000Z,1626574185572040705,urdulizftef estileon workinlansummit thebridge_tech bbk_eus psebizkaia josebamondarain grupo_ssi socialistavasco psebilbao mtzgra elcorreo_alava elcorreo_com metxebarria_vg mjgutierrez_upv nora_abete landpto aranglez ararteko victoria bilbao alcalÃ¡ henares acompaÃ±ado mÃ©xico ğŸ‡²ğŸ‡½ #workinlan {link},53,2,0,1,0,2023,2,es
77,1685197165,2023-02-17T13:26:43.000Z,1626573861423575040,urdulizftef estileon workinlansummit thebridge_tech bbk_eus psebizkaia josebamondarain grupo_ssi socialistavasco psebilbao mtzgra elcorreo_alava elcorreo_com metxebarria_vg mjgutierrez_upv nora_abete landpto aranglez ararteko superan ğŸ’¯ tuits gracias ayuda cuentas animaron publicar #ï¸âƒ£ #workinlan {link},52,2,0,1,0,2023,2,es
78,1685197165,2023-02-17T13:25:58.000Z,1626573673527234560,urdulizftef estileon workinlansummit thebridge_tech bbk_eus psebizkaia josebamondarain grupo_ssi socialistavasco psebilbao mtzgra elcorreo_alava elcorreo_com buenas interacciones comunidades siguientes cuentas copan top #workinlan ğŸ† {link},72,2,0,1,0,2023,2,es
79,1685197165,2023-02-17T13:23:22.000Z,1626573019844907008,urdulizftef estileon workinlansummit thebridge_tech bbk_eus hoy finaliza #workinlan hace buena participaciÃ³n twitter aÃºn queda dÃ­a hoy ğŸ’ª {link},51,0,0,1,0,2023,2,es
80,1288769305014939650,2023-02-16T17:07:33.000Z,1626267048434192385,estileon responsable campus #urdulizftef encuentra participando mesa redonda - nuevos formatos formaciÃ³n workinlansummit compartimos mesa bbk bootcamps by thebridge_tech ied kunsthalbilbao bbk_eus #workinlan #bizkaia #educaciÃ³n {link},605,10,0,1,5,2023,2,es
81,1003872445,2023-02-16T09:51:54.000Z,1626157411085033472,buenos dÃ­as cpsers hoy podemos confirmar tercer meetup comunidad #cps madrid thebridge_tech agradecemos enormemente generosidad espacio esperamos miÃ©rcoles viene pd aÃºn quedan unas pocas plazas tiempo apuntaros,243,4,0,1,0,2023,2,es
82,1099588676181471233,2023-02-16T06:07:55.000Z,1626101043908993026,thebridge_tech vacolba andresmacariog interesante,28,1,0,0,0,2023,2,en
83,1530194743786881024,2023-02-15T11:06:22.000Z,1625813763751305216,gracias amigos thebridge_tech acogernos ayer manera bastante flexible equipo adorable madrid â™¥ï¸ genial pasar san valentÃ­n hablando #bitcoin ğŸ™ {link},762,10,0,1,2,2023,2,es
84,4899284631,2023-02-13T13:36:10.000Z,1625126689150738438,compartimos mini resumen Âº encuentro #reinventadxs anunciamos entramos cuenta regresiva Âº apÃºntate fecha marzo vemos #madrid gracias thebridge_tech milmadrid_ hacerlo posible vemos pronto #mytechplan {link},204,2,1,0,0,2023,2,es
85,106344840,2023-02-07T09:51:05.000Z,1622895716291997696,Â¡nuevo taller #empleabilidad #sevilla junto infojobs ğŸ’¼ Â¡en encamarasevilla abordaremos nuevas #oportunidadeslaborales sector digital ğŸ“ febrero h campus camaradesevilla thebridge_tech infoâ¤µï¸ {link} {link},421,6,0,0,2,2023,2,es
86,1288769305014939650,2023-02-06T19:39:50.000Z,1622681492622127104,globalgamejam #urdulizftef organizado colaboraciÃ³n digipenbilbao bbk bootcamps by thebridge_tech jammers h non stop quieres saber eventazo visita web ğŸ‘‰ {link} #ggjftef #ggj #videogames #hackathon {link},52,3,0,0,0,2023,2,es
87,2611663910,2023-02-03T06:32:08.000Z,1621396098936864768,placer asistir ayer taller ux/ui - cÃ³mo maximizar valor usuario impartido edemempresarios thebridge_tech miriam sÃ¡nchez muÃ±oz ğŸ‘ğŸ‘ğŸ‘ {link},275,2,0,1,1,2023,2,es
88,1065627197115981824,2023-02-02T17:38:37.000Z,1621201435483426820,inicia masterclass #datascience #ia gobernarlos thebridge_tech bbk_kuna bbk_eus #ai #chatgpt #nlp {link},80,1,0,0,0,2023,2,en
89,2218313375,2023-02-02T17:37:03.000Z,1621201042368086017,masterclass data science bootcamps bbk powered by thebridge_tech #artificalintelligence #chatgpt {link},30,0,0,0,0,2023,2,en
90,10279282,2023-02-02T17:32:09.000Z,1621199810345705473,ia gobernarlos thebridge_tech {link},50,0,0,1,0,2023,2,es
91,112458375,2023-02-02T09:46:33.000Z,1621082634943365120,interesantÃ­sima jornada #proptechthursdays thefringelabs davidhueso #propper #hanok casafarire intrumes thebridge_tech {link},118,4,0,0,2,2023,2,en
92,207894341,2023-02-02T09:41:59.000Z,1621081485695385601,unido edemempresarios thebridge_tech fomentar formaciÃ³n disciplinas digitales ğŸ’» ofrecemos paquetes ayudas estudiar cuatro bootcamps impartidos valencia vienes ğŸ‘‰ğŸ¼ {link} {link},416,3,0,0,3,2023,2,es
93,2402179123,2023-02-02T08:44:00.000Z,1621066894093733889,hoy bbk_kuna ğŸ§ ğŸ¤– masterclass inteligencia artificial #chatgpt ias explicaremos #bootcamp #datascience #bilbao bbknetwork bbk_eus thebridge_tech {link} {link},226,6,0,0,4,2023,2,en
94,4899284631,2023-02-01T10:56:22.000Z,1620737818967576577,yenito_ milmadrid_ ari_reinventada gobuub thebridge_tech madridinnova puerta_inno lanavemadrid madrid bueno vemos ahÃ­ ğŸ˜Š,33,2,0,0,0,2023,2,es
95,1068424025356021760,2023-01-31T17:39:02.000Z,1620476763989250048,yenito_ milmadrid_ gobuub thebridge_tech my_tech_plan madridinnova puerta_inno lanavemadrid madrid vemos ahÃ­ğŸ˜ŠğŸ˜Š,35,2,0,0,0,2023,1,es
96,1437857235036786693,2023-01-31T17:35:11.000Z,1620475795100831746,milmadrid_ ari_reinventada gobuub thebridge_tech my_tech_plan madridinnova puerta_inno lanavemadrid madrid interesante apuntÃ©,45,3,0,2,0,2023,1,es
97,55539458,2023-01-30T09:45:55.000Z,1619995313510711296,nodosenlared snowded thebridge_tech check my books related to this post please share {link},4,0,0,0,0,2023,1,en
98,550417439,2023-01-28T07:30:07.000Z,1619236364343513088,recordamos tb patrocinadoras platino comprometidas minuto cero cuales evento va ser enorme ğŸ¥° plainconcepts lifullconneng bbk_eus by thebridge_tech kudos bilbao_udala bilbaoekintza patrocinador principal {link},969,5,0,0,1,2023,1,es
99,1101664008,2023-01-27T16:06:53.000Z,1619004022673018880,jorgegrev was one of the reasons i got into community built countless communities/initiatives brought tons of new folks into the ecosystem he's currently rocking the bbk_eus bootcamp with thebridge_tech helping unemployed people learn tech {link},124,1,0,1,1,2023,1,en
100,550417439,2023-01-27T16:00:08.000Z,1619002323685998595,Â¡estudia ahora paga encuentres trabajo conviÃ©rtete experto digital #bootcamps bbk_eus by thebridge_tech ğŸ‘©â€ğŸ’» formato full time part time tardes presencial hÃ­brido Â¡tÃº decides info â¡ {link},511,2,0,0,0,2023,1,es
101,1455515154133786625,2023-01-27T14:08:51.000Z,1618974318062624770,ğŸ¤ğŸ» placer aportar granito arena #bootcamp thebridge_tech gracias asistentes acogida ultimando detalles guÃ­a empleo disponible largo mes febrero ğŸ“ŒğŸ Â¡nos vemos prontoğŸ˜ {link},99,3,0,0,0,2023,1,es
102,550417439,2023-01-27T11:15:00.000Z,1618930569097748481,buscan personas cambiar vida ğŸ˜listo ser dale giro carrera entrÃ©nate profesiones demandas bootcamps bbk_eus by thebridge_tech ğŸš€ quieres saber â¡ {link},328,1,0,0,0,2023,1,es
103,1598663768136884225,2023-01-26T19:45:31.000Z,1618696655397863424,nodosenlared snowded thebridge_tech {link},4,0,0,0,0,2023,1,en
104,1455515154133786625,2023-01-26T15:37:10.000Z,1618634157013467136,ğŸ“Œ hoy enero placer participar bootcamp thebridge_tech coo javiercadierno hablarÃ¡ empleabilidad marco actual ğŸ novedad presentaremos nueva guÃ­a empleo disponible febrero Â¡nos vemosâœŒğŸ»,118,4,0,0,2,2023,1,es
105,1524905248007114783,2023-01-26T15:23:40.000Z,1618630761564995585,nodosenlared snowded thebridge_tech religiÃ³n,9,0,0,0,0,2023,1,es
106,106344840,2023-01-26T12:58:57.000Z,1618594341152522243,ğŸ¯te gustarÃ­a acelerar #talento digital Â¡descubre ventajas oportunidades ofrecen #bootcamps encamarasevilla thebridge_tech celebran #sevilla ğŸ•hoy hâ¡ï¸Â¡todavÃ­a tiempo lanzar futuro info {link} {link},197,3,0,0,0,2023,1,es
107,41545659,2023-01-24T20:44:09.000Z,1617986634817105922,advanced #cynefin estuarine mapping &amp eufg masterclass madrid {link} | interesados aplicaciÃ³n ciencias complejidad paÃ­s oportunidad aprender snowded persona // sede thebridge_tech,163,3,0,0,0,2023,1,es
108,3364895487,2023-01-24T14:12:35.000Z,1617888094166061058,nodosenlared snowded thebridge_tech {link},12,0,0,0,0,2023,1,en
109,2402179123,2023-01-24T08:03:43.000Z,1617795268229070848,ğŸ“…este jueves bbk_kuna #masterclass desarrollo web #fullstack alejandroregex descubre introducirte mundo #programaciÃ³n web gracias #bbkbootcamps bbk_eus thebridge_tech bbknetwork #bilbao â¡ï¸inscripciÃ³n {link} {link},182,1,2,0,1,2023,1,es
110,4899284631,2023-01-23T10:18:56.000Z,1617466909334638592,aquÃ­ termina despuÃ©s charlas podrÃ¡s conocerlos charlar compartiremos unas caÃ±as ğŸ» haremos networking bueno ademÃ¡s sÃ³lo asistir posibilidad acceder becas especiales partner thebridge_tech,45,1,0,1,0,2023,1,es
111,550417439,2023-01-23T09:34:56.000Z,1617455834924982272,aprende hoy profesiones futuro ğŸ‘¨â€ğŸ’» fÃ³rmate #uxuiproductdesign #desarrollowebfullstack #datascience #ciberseguridad bootcamps bbk_eus by thebridge_tech acelera carrera digitalğŸš€ info ğŸ‘‰ {link},409,3,0,0,1,2023,1,es
112,1288769305014939650,2023-01-20T17:31:22.000Z,1616488570008768514,ğŸ’¥ llega globalgamejam #urdulizftef Ãºnica sede bizkaia evento desarrollo #videojuegos ğŸ® grande mundo ğŸŒ ğŸ—“ - feb ğŸ“ urduliz colaboraciÃ³n digipenbilbao thebridge_tech bbk_eus âœï¸ inscrÃ­bete gratis {link} {link},489,9,0,0,4,2023,1,es
113,2402179123,2023-01-20T09:17:27.000Z,1616364270710853641,â“ quiÃ©n #bootcamp saber tecnologÃ­a previamente puede aportar si perfil tecnolÃ³gico vÃ­deo encontrarÃ¡s respuestas â¡ click cambio {link} thebridge_tech bbk_kuna bbk_eus {link},123,1,0,0,1,2023,1,es
114,91876265,2023-01-19T13:45:11.000Z,1616069260375195655,buen resumen charla ayer vulnerabilidades proceso #cps thebridge_tech {link},251,5,0,0,2,2023,1,es
115,1003872445,2023-01-19T09:54:51.000Z,1616011296851300352,godivaciones recuenco ae_bm thebridge_tech ddamasd Â¡hola marÃ­a comunidad abierta puede venir quiera solemos anunciar eventos twitter linkedin si quieres lleguen avisos correo publicamos evento puedes apuntar grupo aquÃ­ {link},861,4,0,0,3,2023,1,es
116,1003872445,2023-01-19T09:51:54.000Z,1616010552110718982,nudpiedo recuenco godivaciones ae_bm thebridge_tech ddamasd gracias aclaraciÃ³n vÃ­ctor,34,2,0,0,0,2023,1,es
117,7154412,2023-01-18T21:45:55.000Z,1615827851596505095,nudpiedo godivaciones ae_bm thebridge_tech ddamasd paumugarra reuniÃ³n fÃ­sica comunidad cps gestiona paumugarra,159,4,0,0,1,2023,1,es
118,866742930,2023-01-18T21:31:09.000Z,1615824135321526278,recuenco godivaciones ae_bm thebridge_tech ddamasd paumugarra sobreentiendo refieren {link} meetup app gente organiza quedadas temÃ¡ticas mayor parte gente conoce priori puede ser cualquier tema mundo ahora quiero saber si cosa,128,3,0,2,0,2023,1,es
119,7154412,2023-01-18T20:34:31.000Z,1615809886566363136,godivaciones ae_bm thebridge_tech ddamasd habla paumugarra,181,2,0,1,0,2023,1,es
120,17287251,2023-01-18T20:25:09.000Z,1615807528398426126,recuenco ae_bm thebridge_tech ddamasd cosa puede ir cualquiera-cualquiera debe anunciar algÃºn sitio sÃ© quiÃ©nes â€œla comunidadâ€ afueras comunidad cabemos puedaâ€¦,282,3,0,2,0,2023,1,es
121,17287251,2023-01-18T20:14:43.000Z,1615804903854641156,recuenco ae_bm thebridge_tech ddamasd âœŒï¸,75,1,0,0,0,2023,1,en
122,7154412,2023-01-18T20:07:26.000Z,1615803069970714637,ae_bm godivaciones thebridge_tech ddamasd abierto toda comunidad hace falta alumnos,224,1,0,2,0,2023,1,es
123,141272779,2023-01-18T19:23:29.000Z,1615792007909199872,godivaciones recuenco thebridge_tech ddamasd creo independientes lugar meetup puede variar,150,2,0,1,0,2023,1,es
124,17287251,2023-01-18T19:16:40.000Z,1615790291578929185,ae_bm recuenco thebridge_tech ddamasd pregunto si integrado mÃ¡ster colaboraciÃ³n the bridge cosa distinta ahora creo recordar master cps online estricto,136,2,0,1,0,2023,1,es
125,417307513,2023-01-18T19:01:43.000Z,1615786531943235599,godivaciones recuenco thebridge_tech ddamasd charla diana marco comunidad cps abierto apetezca ir,102,2,0,0,0,2023,1,es
126,141272779,2023-01-18T18:59:29.000Z,1615785967180201995,godivaciones recuenco thebridge_tech ddamasd meetup,138,1,0,1,0,2023,1,en
127,17287251,2023-01-18T18:48:45.000Z,1615783265872510976,recuenco thebridge_tech ddamasd master cosa,612,1,0,2,0,2023,1,es
128,212364786,2023-01-18T18:23:30.000Z,1615776913410392065,mira rectas techo fotos modaquetepario recuenco puede mÃ¡ster #cps ayude encontrar forma convertir luminarias techo thebridge_tech #madrid sede oficina modaquetepario {link},273,2,0,0,0,2023,1,es
129,1610073819791728640,2023-01-18T18:15:04.000Z,1615774789850775558,recuenco thebridge_tech ddamasd suerte,179,2,0,0,0,2023,1,es
130,7154412,2023-01-18T18:06:30.000Z,1615772633773256706,plena meet-up cps thebridge_tech ddamasd {link},6600,35,1,2,5,2023,1,nl
131,1232105203,2023-01-18T17:11:05.000Z,1615758687330791424,thebridge_tech hola intentando entrar videoconferencia enlace parece funcione,22,0,0,0,0,2023,1,es
132,2402179123,2023-01-17T12:34:14.000Z,1615326631807291392,sabes #ğ—³ğ˜‚ğ—¹ğ—¹ğ˜€ğ˜ğ—®ğ—°ğ—¸ ğ—±ğ—²ğ˜ƒğ—²ğ—¹ğ—¼ğ—½ğ—²ğ—¿ gusta ğ—½ğ—¿ğ—¼ğ—´ğ—¿ğ—®ğ—ºğ—®ğ—°ğ—¶ğ—¼Ìğ—» #ğ˜„ğ—²ğ—¯ ğ—±ğ—¶Ìğ—® ğ—²ğ—» bbk_kuna invitamos #masterclass introductoria alejandroregex organizada #bbkbootcamps bbk_eus thebridge_tech {link},124,2,0,0,1,2023,1,es
133,163586106,2023-01-17T09:27:40.000Z,1615279680126337025,ğŸ¯quieres saber cÃ³mo acelerar talento digital Â¡entonces puedes perderte jornada puertas abiertas #bootcamps organiza thebridge_tech Â¡te esperamosâ¤µï¸ ğŸ“sede formaciÃ³n calle isabela ğŸ“… enero h ğŸ“² {link} {link},486,2,1,0,0,2023,1,es
134,41545659,2023-01-15T13:16:24.000Z,1614612465769234434,snowded thebridge_tech taller profundizarÃ¡ empleo hexi method kits {link} primera vez espaÃ±a kits sirven consolidar mÃ©todos herramientas multidisciplinares aplicarlos problemas mundo real siempre enfoque #anthrocomplexity {link},394,9,0,0,3,2023,1,es
135,41545659,2023-01-15T13:16:24.000Z,1614612464657653760,snowded thebridge_tech trata taller avanzado cubre Ãºltimos avances diferentes marcos desarrollados snowded especial menciÃ³n #estuarine framework {link} opiniÃ³n aportaciÃ³n importante hecha materia #appliedcomplexity {link},1766,10,0,1,5,2023,1,es
136,41545659,2023-01-15T13:16:23.000Z,1614612463361695747,advanced #cynefin estuarine mapping &amp eufg masterclass madrid {link} | interesados aplicaciÃ³n ciencias complejidad paÃ­s oportunidad aprender snowded persona // sede thebridge_tech {link},225761,321,4,7,49,2023,1,es
137,2402179123,2023-01-13T08:55:42.000Z,1613822083259146240,asÃ­ jornada diseÃ±o producto digital #uxui ayer bbk_kuna impartida josÃ© luis tienza thebridge_tech si quedaste ganas aquÃ­ #bbkbootcamp {link} {link},120,3,0,0,2,2023,1,es
138,2529499620,2023-01-12T12:54:44.000Z,1613519848339808262,quieres dedicarte #desarrolloweb Â¡conÃ©ctate sesiÃ³n informativa conoce #bootcamp junto thebridge_tech ğŸ“† ene â°h ğŸ’»online entrada gratuita ğŸŸ {link} #desarrollowebfullstack #programacionweb #backend #frontend {link},153,1,0,0,2,2023,1,es
139,874916978665938945,2023-01-12T10:20:00.000Z,1613480908304048132,ğŸ§ quieres ser profesional #ciberseguridad diseÃ±o productos ux/ui data science desarrollo #fullstack inscrÃ­bete openday edemempresarios powered by thebridge_tech realizarÃ¡ hoy instalaciones ğŸ¤³ {link},342,4,0,0,1,2023,1,es
140,2402179123,2023-01-12T08:31:28.000Z,1613453595323645952,hoy #masterclass #uxui introducciÃ³n diseÃ±o #producto digital jose luis tienza ğŸ• h bbk_kuna urazurrutia kalea #bilbao organiza #bbkbootcamps by the bridge bbk_eus thebridge_tech {link},151,2,0,0,2,2023,1,es
141,2402179123,2023-01-10T10:48:57.000Z,1612763420998213635,ğŸ‘¨â€ğŸ’» ğ—·ğ˜‚ğ—²ğ˜ƒğ—²ğ˜€ ğ—® ğ—¹ğ—®ğ˜€ ğ—²ğ—» bbk_kuna #masterclass diseÃ±o producto digital #uxui jose luis tienza explicaremos cÃ³mo #bbkbootcamps pueden ayudar ser profesional digital gracias bbk_eus thebridge_tech â¡ï¸apÃºntate {link} {link},283,2,1,0,0,2023,1,es
142,1003872445,2023-01-09T12:40:07.000Z,1612429007739396097,confirmado sitio haremos meetup #cps semana viene gente thebridge_tech infinita generosidad vuelve dejarnos espacio tÃ­tulo charla ddamasd ingles Â¡nos vemos allÃ­,297,7,0,0,2,2023,1,es
143,570795448,2023-01-09T09:41:46.000Z,1612384123816910852,quieres desarrollar carrera mundo digital techte contamos cÃ³mo #openday #bootcamps thebridge_tech esperamos si apasiona mundo ciberseguridad ciencia datos desarrollo software diseÃ±o productos {link} {link},967,4,2,0,2,2023,1,es
144,271028835,2023-01-07T19:55:52.000Z,1611813891322908672,ğŸš€ edemempresarios thebridge_tech alÃ­an impartir bootcamps desarrollo digital tecnolÃ³gico valencia | valientes emprendedores {link},166,7,0,0,2,2023,1,es
145,1530194743786881024,2023-01-06T12:28:27.000Z,1611338908196913153,gracias amigos thebridge_tech acogernos vez ğŸ™ {link},51,2,0,0,0,2023,1,es
146,10279282,2023-01-04T15:02:11.000Z,1610652818234347521,interesa diseÃ±o #producto digital ven #masterclass #uxui gratuita gracias #bbkbootcamps ğŸ“… jueves enero h ğŸ• hora ğŸ‘¥ bbk_kuna urazurrutia kalea #bilbao organiza bbk bootcamps by thebridge_tech {link},82,3,0,0,2,2023,1,es
147,2402179123,2023-01-04T11:57:41.000Z,1610606391445815297,Â¡empezamos aÃ±o #masterclass #uxui introducciÃ³n diseÃ±o #producto digital gracias jose luis tienza ğŸ“… jueves enero h ğŸ• hora ğŸ‘¥ bbk_kuna urazurrutia kalea #bilbao organiza bbk bootcamps by thebridge_tech {link},116,3,0,0,2,2023,1,es
148,874916978665938945,2023-01-02T15:15:00.000Z,1609931268921114627,ğŸ¤ edemempresarios alÃ­a thebridge_tech impartir bootcamps tecnolÃ³gicos #valencia alianza busca reducir brecha digital existente potenciando formaciÃ³n tecnolÃ³gica empleabilidad demanda dentro mercado laboral ğŸš€ {link},593,5,0,0,1,2023,1,es
