,author_id,created_at,id,text,impression_count,like_count,quote_count,reply_count,retweet_count
0,1151510939105144834,2022-12-29T16:39:19.000Z,1608502937332113408,"Empieza el aÃ±o formÃ¡ndote en una de las profesiones con mÃ¡s ğ—±ğ—²ğ—ºğ—®ğ—»ğ—±ğ—® ğ—¹ğ—®ğ—¯ğ—¼ğ—¿ğ—®ğ—¹. âš 

Toma las riendas del 2023 y vente el 12/01 al Open Day donde te contaremos todo sobre los Bootcamps que te cambiarÃ¡n la vida junto a @TheBridge_Tech. ğŸ¤¯

https://t.co/RnAcI6FUzc",113,4,0,0,1
1,570795448,2022-12-29T12:52:11.000Z,1608445776732246017,"Los 4 bootcamps tecnolÃ³gicos de EDEM y @TheBridge_Tech en los empleos mÃ¡s demandados ğŸ”

â–¶ Data Science
â–¶ Desarrollo Web Full Stack
â–¶ UX/UI Product Design
â–¶ Ciberseguridad

Toda la info â¬‡
https://t.co/hXDfJnLKPl",124,2,0,0,0
2,1128860148,2022-12-29T09:16:11.000Z,1608391421014196224,"@EDEMempresarios acoge el 12 de enero un Open Day en el que participan responsables de @TheBridge_Tech y de @EDEMempresarios para presentar los 4 bootcamps que acercarÃ¡n a sus alumnos a profesiones con alta demandaÂ 

https://t.co/ICzciLvWBo",49,2,0,0,0
3,570795448,2022-12-27T09:00:57.000Z,1607662809575292929,"Si estÃ¡s buscando una profesiÃ³n que te cambie la vida, acÃ©rcate a nuestro Open Day donde presentaremos la alianza #EDEMpoweredbyTheBridge @TheBridge_Tech, una serie de bootcamps de desarrollo digital y tecnolÃ³gico.

https://t.co/NXRiXndJAD https://t.co/76bmkSVtzc",218,5,0,0,0
4,1162694149956603904,2022-12-23T12:54:06.000Z,1606271930763354112,"En @TheBridge_Tech tenemos un deseo para tiğŸ’«
Â¡QuÃ© el 2023 venga cargado de Ã©xitos!

Â¡Felices Fiestas!ğŸ„

#christmastime #felicesfiestas #navidad #bye2022 https://t.co/jfEiMIJb3H",120,1,0,0,1
5,799935450844631040,2022-12-22T23:51:18.000Z,1606074933033009152,. @EDEMempresarios y  @TheBridge_Tech se alÃ­an para impartir bootcamps de desarrollo digital y tecnolÃ³gico en Valencia @marina_empresas â˜›  https://t.co/LzsE3Tssvm #mediterrÃ¡neopress #tudiariodigital #comunitatvalenciana #polÃ­tica #economÃ­a #empresa #turismo vÃ­a @MediterrneoPress,108,3,0,0,0
6,921670812637257728,2022-12-22T09:59:38.000Z,1605865639213670400,"ğŸ“š FormaciÃ³n

@EDEMempresarios y la aceleradora de talento digital @TheBridge_Tech se unen para impartir #bootcamps tecnolÃ³gicos

El objetivo es reducir la brecha digital y potenciar la formaciÃ³n en competencias digitales y tecnolÃ³gicas

ğŸ“ª @valenciaplaza

https://t.co/ce6EiOTTil",142,2,0,0,0
7,1162694149956603904,2022-12-22T08:55:25.000Z,1605849476895162368,"Â¡Ven al prÃ³ximo #OpenDayValencia y conoce los #bootcamps de @EDEMempresarios y @TheBridge_Tech!

FÃ³rmate en #UxUiProductDesign, #Ciberseguridad, #DesarrolloWebFullStack y #DataScienceğŸš€

ğŸ“… 12 ene
â° 18h
ğŸ“ Edem, La Marina de Valencia.

ApÃºntate ya ğŸ‘‰https://t.co/21C0KvqSGH https://t.co/VHcQbt34rf",308,4,0,0,4
8,1175646685,2022-12-21T13:15:56.000Z,1605552650119847938,"EDEM y The Bridge se alÃ­an para impartir bootcamps de desarrollo digital y tecnolÃ³gico en Valencia https://t.co/IxzYpCc0Y6 
@EDEMempresarios
@marina_empresas
@TheBridge_Tech
#BootcampsDeDesarrolloDigitalyTecnolÃ³gico",321,7,0,0,1
9,402013017,2022-12-21T12:30:01.000Z,1605541094397198336,"ğŸ’» @EDEMempresarios y @TheBridge_Tech se alÃ­an para impartir bootcamps de desarrollo digital y tecnolÃ³gico en ValÃ¨ncia.
https://t.co/M4vuwgM1qO",538,5,0,0,2
10,1128860148,2022-12-21T11:34:12.000Z,1605527050898505729,"@EDEMempresarios y @TheBridge_Tech impartirÃ¡n bootcamps tecnolÃ³gicos desde enero para formar en competencias digitales con mÃ¡s empleabilidad y demanda
 https://t.co/nZp4aUcndf",149,4,0,0,1
11,570795448,2022-12-21T10:12:46.000Z,1605506556123963392,"#EDEMpoweredbyTheBridge la revoluciÃ³n formativa en tecnologÃ­a.ğŸ¤¯ 

@TheBridge_Tech y #EDEM nos unimos para formar en profesiones que cambiarÃ¡n vidas.
Â 
EspecialÃ­zate en 4 #bootcamps intensivos sobre tecnologÃ­a. ğŸ‘©â€ğŸ’»
Â 
Este es el inicio del cambio. ğŸ‘‰ https://t.co/uobTtpxxaO https://t.co/AwJJ0mSHhY",329,6,0,0,3
12,1407291884901482496,2022-12-16T10:45:37.000Z,1603702882209075200,"No tenemos mÃ¡s que palabras de agradecimiento para nuestro anfitriÃ³n, @TheBridge_Tech cuyo Consejero Delegado, Iker Arce @ikerarceseco, intervino en la sesiÃ³n inaugural del I Congreso de #ciberseguridad para #pymes del pasado 14 de diciembre. https://t.co/jTivSdsFA9",26,1,0,0,0
13,1530194743786881024,2022-12-13T18:53:22.000Z,1602738464902250497,@libertariadora @JavierAMaestre @kilrau @GaboHBeaumont @olya_borderless ğŸ™ğŸ» @TheBridge_Tech,0,2,0,0,0
14,1162694149956603904,2022-12-13T08:12:57.000Z,1602577299689308162,"Â¿QuÃ© son los #BBKBootcamps? Â¿Un entrenamiento militar llevado al Ã¡mbito tecnolÃ³gico? ğŸ¤”

Nuestro campus manager en #Bilbao @jorgegrev lo explica â–¶

Â¡Acelera tu carrera digital con @BBK_eus y @TheBridge_Tech!

MÃ¡s info ğŸ‘‰https://t.co/Ond8JeAMV8 https://t.co/vIzycdoEJX",0,4,0,0,4
15,108885393,2022-12-12T08:15:33.000Z,1602215568127426562,"ğŸ’¡Â¡Interesante entrevista a nuestro Director de TecnologÃ­a Ramon Lozano sobre cÃ³mo afrontar los problemas de #talento #Digital en las empresas tecnolÃ³gicas!

ğŸ”½https://t.co/7a32ZHgefI

#BeZucchetti #innovaciÃ³n #tecnologÃ­a 
 @BBK_eus @TheBridge_Tech 
@ZucchettiSpa @ZucchettiWorld",0,3,0,0,0
16,1162694149956603904,2022-12-07T15:07:46.000Z,1600507365006131204,"Â¿#WebDeveloper en 9âƒ£ semanas? Ven a conocer el #bootcamp de @formacion_fuc3 y @TheBridge_Tech Â¡Un entrenamiento 100% prÃ¡ctico para dominar el Stack MERN!

Conoce mÃ¡s sobre el programa y resuelve tus dudasğŸ‘¨â€ğŸ’»

ğŸ“… 14 dic
â° 17.00h

Â¡ApÃºntate! ğŸ‘‰https://t.co/tzLp85Jy4E https://t.co/UVMqS0uyYq",0,1,0,0,1
17,49219057,2022-12-06T18:40:34.000Z,1600198528323575809,"Hoy llegÃ³ mi Â«Certificado de GraduaciÃ³nÂ» en #fullstackdeveloper con @TheBridge_Tech , promovido por  @FUniversia  y  financiado por @IndraCompany / @minsaitbyindra  Â¡Toca celebrar! https://t.co/LhqRBltkgm",0,1,1,1,0
18,702077405045899264,2022-12-06T10:00:16.000Z,1600067592143740931,"En la presentaciÃ³n de los nuevos #BBKBootcamps realizada en colaboraciÃ³n @TheBridge_Tech en la @BAT_Tower, tambiÃ©n charlamos con RamÃ³n Lozano de @ZucchettiSpain sobre los principales problemas de #talento #digital que surgen en empresas tecnolÃ³gicas y cÃ³mo afrontarlos. https://t.co/KUQR6CkCWQ",0,3,0,0,1
19,146406912,2022-12-05T18:21:51.000Z,1599831430288359449,"guillerdorron: RT @BBK_eus: Tras la presentaciÃ³n de la nueva ediciÃ³n de #BBKBootcamps realizada en colaboraciÃ³n con @TheBridge_Tech en la torre @BAT_Tower, pudimos charlar con @guillerdorron 
 de @Zabala_IC sobre cÃ³mo potenciar el #talento actual y cuÃ¡leâ€¦ https://t.co/NEbbBGGc1x",0,1,0,0,0
20,702077405045899264,2022-12-05T14:00:20.000Z,1599765621025169409,"Tras la presentaciÃ³n de la nueva ediciÃ³n de #BBKBootcamps realizada en colaboraciÃ³n con @TheBridge_Tech en la torre @BAT_Tower, pudimos charlar con @guillerdorron 
 de @Zabala_IC sobre cÃ³mo potenciar el #talento actual y cuÃ¡les son los perfiles tecnolÃ³gicos mÃ¡s demandados. https://t.co/TIjvj3b4cL",0,7,0,0,2
21,1530194743786881024,2022-12-03T14:08:46.000Z,1599042965573599233,"Agredecemos @TheBridge_Tech por acoger nuestro Meetup una vez mas! ğŸ”¥

Parece que los #Bitcoin ers pueden comportarse despuÃ©s de todo ğŸ˜

Mas sobre @TheBridge_Tech ğŸ‘‰https://t.co/BjzDxBd9toğŸ‘ˆ https://t.co/R8PunE1vhT",0,5,0,0,4
22,108885393,2022-12-02T08:40:07.000Z,1598597870797688833,"ğŸ’¡ Interesante intervenciÃ³n de RamÃ³n Lozano, director de #Tecnologia de Zucchetti Spain, en la mesa redonda sobre la urgencia de cerrar la  brecha digital en Euskadi celebrada ayer.

Una iniciativa de @BBK_eus @TheBridge_Tech

#BeZucchetti
@ZucchettiSpa @ZucchettiWorld https://t.co/jEhZaZhJdw",0,4,0,0,1
23,702077405045899264,2022-12-01T16:54:08.000Z,1598359807005802497,"Especial agradecimiento a @sarasola_nora, Directora de Obra Social; @ikerarceseco, CEO de @TheBridge_Tech; @OAldayturriaga, Responsable de EducaciÃ³n, Talento y Emprendimiento; Tomas Iriondo, Director de @ClusterGaia; @guillerdorron de @Zabala_IC; y Ramon Lozano de @ZucchettiSpain",0,4,0,0,0
24,702077405045899264,2022-12-01T16:01:03.000Z,1598346448138956801,"ğŸ”™ Atzo oso jardunaldi interesgarria izan genuen @BAT_Tower -ean @TheBridge_Tech  -rekin elkarlanean egindako BBK Bootcamp-en edizio berria aurkezteko ekitaldian. Mila esker aurkezpenera etorri zineten guztioi ğŸ¤— 

â„¹ï¸â•  https://t.co/oq37igkvIS https://t.co/ahuKUJ1IKY",0,0,0,0,0
25,702077405045899264,2022-12-01T15:58:32.000Z,1598345815583608832,"ğŸ”™ Ayer vivimos una jornada muy interesante en el evento de presentaciÃ³n de la nueva ediciÃ³n de #BBKBootcamps realizada en colaboraciÃ³n con @TheBridge_Tech en la @BAT_Tower. Muchas gracias a todas las personas que acudisteis a la presentaciÃ³n ğŸ¤—

â•â„¹ï¸  https://t.co/4tyJZlGVPW https://t.co/39Y275Hr5Y",0,3,0,1,2
26,2529499620,2022-12-01T13:17:27.000Z,1598305274309316609,"Â¿Quieres conocer todo sobre el #bootcamp de #DesarrolloWebFullStack de @TheBridge_Tech  y la @FundacionUc3  ?

No te pierdas la sesiÃ³n informativaâ—â—

ğŸ“…14 diciembre
â°17h.
ğŸ“ Campus Madrid-Puerta de Toledo.
ğŸ’» online.

ğŸ«Entrada #gratuita â¡ https://t.co/QiIRpb9108 https://t.co/rQ2WzDJMch",0,3,1,0,3
27,2402179123,2022-12-01T12:45:37.000Z,1598297264078098432,"Esta tarde a las 18:30 tenemos la presentaciÃ³n de los #bbkbootcamps by @TheBridge_Tech en @BBK_Kuna 

â¡ï¸ Â¡PÃ¡sate a conocernos! https://t.co/WlRFgaEZpv https://t.co/8M94pExTRH",0,5,0,0,5
28,1327588137346998273,2022-12-01T02:29:27.000Z,1598142203272261632,"@TheBridge_Tech  se asocia con INCO Academy para impulsar la inclusiÃ³n y promover la empleabilidad en el sector tecnolÃ³gicoğŸ”µ

âœ…Mira la nota completa aquÃ­:
https://t.co/2TDJz3X17Q

ğŸ‘‰ ğŸ‘‰SuscrÃ­bete a nuestra Newsletter Mensual: https://t.co/ryTqtHb0VP ğŸ‘ˆğŸ‘ˆ https://t.co/ERS66fQXsx",0,2,0,0,2
29,146406912,2022-11-30T15:55:35.000Z,1597982684487340040,"guillerdorron: RT @BBK_eus: ğŸ¤” Zer dira BBK eta @TheBridge_Tech -en #BBKBootcamps -ak? Bootcamp metodologia ikastaroak dira Full Stack Web Garapenerako, Datuen Zientziarako, Zibersegurtasunerako eta UX/UI produktuen diseinurako.

Nora Sarasolak hobetoâ€¦ https://t.co/UwIfXAaHZp",0,0,0,0,0
30,146406912,2022-11-30T15:55:34.000Z,1597982680087465984,"guillerdorron: RT @BBK_eus: Finaliza la jornada de presentaciÃ³n de la nueva ediciÃ³n de  #BBKBootcamps ğŸ‘ Eskerrik asko gurera gerturatu zareten guztioi! 

Construye tu carrera en el sector digital â© https://t.co/8W7BQJ1sfv

BBK ğŸ¤ @TheBridge_Tech https://t.co/60teLII3Im",0,0,0,0,0
31,146406912,2022-11-30T15:55:34.000Z,1597982677675778048,"guillerdorron: RT @BBK_eus: #BBKBootcamps | ğŸ—£ Guillermo Dorronso, Management Advisory Board @Zabala_IC â¤µï¸

BBK ğŸ¤ @TheBridge_Tech https://t.co/3YeDuZwTna",0,0,0,0,0
32,1951117790,2022-11-30T12:39:00.000Z,1597933210767433732,"Open Day #Bilbao para conocer un #bootcam
ğŸ—“ï¸ 1/12/2022
â° 18:30
ğŸ“ @BBK_Kuna 
ğŸ—£ï¸@jorgegrev
by @TheBridge_Tech 
https://t.co/o2xcLzD8VM
en @BBKnetwork 
ğŸ·ï¸#BBKBootcamps #Bizkaia #FullStack #Data #UX #Ciberseguridad",0,9,0,0,5
33,702077405045899264,2022-11-30T09:45:27.000Z,1597889537627283456,"#BBKBootcamps | ğŸ—£ Guillermo Dorronso, Management Advisory Board @Zabala_IC â¤µï¸

BBK ğŸ¤ @TheBridge_Tech https://t.co/aBluTid7LN",0,5,3,0,3
34,702077405045899264,2022-11-30T09:45:04.000Z,1597889440789282817,"Finaliza la jornada de presentaciÃ³n de la nueva ediciÃ³n de  #BBKBootcamps ğŸ‘ Eskerrik asko gurera gerturatu zareten guztioi! 

Construye tu carrera en el sector digital â© https://t.co/pqjWocmmpo

BBK ğŸ¤ @TheBridge_Tech https://t.co/D9FHwW771N",0,5,1,0,2
35,702077405045899264,2022-11-30T09:43:54.000Z,1597889145497653249,"#BBKBootcamps | ğŸ—£ RamÃ³n Lozano, director de tecnologÃ­a @ZucchettiSpain â¤µï¸ 

BBK ğŸ¤ @TheBridge_Tech https://t.co/hIF239eTzi",0,4,1,0,2
36,702077405045899264,2022-11-30T09:33:32.000Z,1597886536896450562,"ğŸ—£ TomÃ¡s Iriondo, @ClusterGaia -ko CEO: ""#ETEari lagundu behar diogu, eta, horretarako, #talentua sortu behar dugu. Horrelako ekimenak, hala nola #BBKBootcamp -ak, idealak dira."". 

BBK ğŸ¤ @TheBridge_Tech https://t.co/AEJsNDQvHb",0,3,0,0,1
37,702077405045899264,2022-11-30T09:32:30.000Z,1597886276056776704,"ğŸ—£ TomÃ¡s Iriondo, CEO de @ClusterGaia: ""Tenemos que ayudar a la #pyme y para eso necesitamos crear #talento y en ese sentido este tipo de iniciativas como #BBKBootcamps, son ideales"". 

BBK ğŸ¤ @TheBridge_Tech https://t.co/CVrNCgJ1E5",0,4,0,0,3
38,702077405045899264,2022-11-30T09:09:45.000Z,1597880551578419201,"ğŸ¤” Zer dira BBK eta @TheBridge_Tech -en #BBKBootcamps -ak? Bootcamp metodologia ikastaroak dira Full Stack Web Garapenerako, Datuen Zientziarako, Zibersegurtasunerako eta UX/UI produktuen diseinurako.

Nora Sarasolak hobeto kontatzen digu hemen â¤µï¸ https://t.co/kqrKydUWTK",0,4,0,0,2
39,702077405045899264,2022-11-30T09:06:45.000Z,1597879796121407488,"ğŸ¤” Â¿QuÃ© son los #BBKBootcamps de BBK y @TheBridge_Tech? Son cursos de metodologÃ­a Bootcamp de Desarrollo Web Full Stack, #DataScience, #Ciberseguridad y DiseÃ±o de Producto UX/UI. 

Nora Sarasola nos los cuenta â¤µï¸ https://t.co/B9HflSDraZ",0,4,0,0,2
40,702077405045899264,2022-11-30T08:53:19.000Z,1597876414908432385,"ğŸ—£ Iker Arcerekin, @TheBridge_Tech -eko CEO-a, jarraitzen dugu. Oraingoan munduko gap skill-en eta postu digitalen testuinguru globalena aurkeztuko digu; Europan eta Espainian batik bat. 

#BBKBootcamps @BAT_Tower https://t.co/jx7YIVKG4G",0,3,0,0,1
41,702077405045899264,2022-11-30T08:51:00.000Z,1597875833699459072,"ğŸ—£ Continuamos con Iker Arce, CEO de @TheBridge_Tech nos presenta el contexto mÃ¡s global del gap de skills y puestos digitales con datos en el mundo, #Europa y en el marco comparado #EspaÃ±a.

#BBKBootcamps @BAT_Tower https://t.co/jM82e3AHyb",0,3,0,0,2
42,702077405045899264,2022-11-30T08:43:35.000Z,1597873965812285440,"ğŸ—£ Nora Sarasolak, BBK-ko Gizarte Ekintzako zuzendariak, hasiera eman dio jardunaldiari #Euskadi -ra talentuaren erronka ekarriz 4.0 industriarentzat, gizarteratze digitalarentzat...

BBK ğŸ¤ @TheBridge_Tech #BBKBootcamps https://t.co/6zqDJ61Dow",0,3,0,0,1
43,702077405045899264,2022-11-30T08:41:37.000Z,1597873472679694336,"ğŸ—£ Nora Sarasola, Directora de Obra Social de BBK da comienzo a la jornada de presentaciÃ³n de #BBKBootcamps trayendo a #Euskadi el reto del talento para la industria 4.0, inclusiÃ³n social y digital...

BBK ğŸ¤ @TheBridge_Tech https://t.co/84oRaLvEMq",0,5,0,0,1
44,702077405045899264,2022-11-30T08:25:38.000Z,1597869451222913027,"â˜•ï¸ğŸ¥ Jardunaldia enpresentzako gosariarekin hasi da @BAT_Tower -ean. 

Eraiki zure karrera sektore digitalean #BBKBootcamps -en edizio berri honekin.  

BBK ğŸ¤ @TheBridge_Tech https://t.co/VILvbVXDUl",0,2,0,0,0
45,702077405045899264,2022-11-30T08:21:21.000Z,1597868371663519744,"â˜•ï¸ğŸ¥ Comienza la jornada con un desayuno de empresas. 

Construye tu carrera en el sector digital con esta nueva ediciÃ³n de #BBKBootcamps. 

BBK ğŸ¤ @TheBridge_Tech https://t.co/ORyNrF3uKI",0,2,0,0,2
46,702077405045899264,2022-11-30T08:13:41.000Z,1597866442841628672,"ğŸ”› Aurkezpen eguna, @TheBridge_Tech eta #BBK -k indarrak batu ditugu #BBKBootcamps -en edizio berri honetan. 

ğŸ’» Ikasi gaur etorkizuneko lanbideak. https://t.co/jcQ2HM5g7Z",0,2,0,0,1
47,702077405045899264,2022-11-30T08:10:23.000Z,1597865610167439362,"ğŸ”›Â DÃ­a de presentaciÃ³n, @TheBridge_Tech y #BBK unimos fuerzas para presentaros la nueva ediciÃ³n de #BBKBootcamps. 

ğŸ’» Aprende hoy las profesiones del futuro. https://t.co/nYo8bnc77A",0,4,0,0,2
48,378449449,2022-11-29T16:21:33.000Z,1597626830764511232,Este Jueves 1 de diciembre a las 18:30 en @BBK_Kuna #Bilbao se presentan los BBK #Bootcamps by @TheBridge_Tech con especialidades en #FullStack #CiberSeguridad #DataAnalyst y #Ciberseguridad InscrÃ­bete al evento y networking ğŸ»https://t.co/hLDF8paV6R,0,3,0,0,1
49,2402179123,2022-11-29T16:18:50.000Z,1597626145289428992,Este Jueves 1 de diciembre a las 18:30 en @BBK_Kuna #Bilbao se presentan los BBK #Bootcamps by @TheBridge_Tech con especialidades en #FullStack #CiberSeguridad #DataAnalyst y #Ciberseguridad InscÃ­bete al evento y networking ğŸ» https://t.co/o4y0MLPSsx,0,1,0,0,0
50,1162694149956603904,2022-11-29T10:49:52.000Z,1597543359220183040,"Â¿Quieres conocer todo sobre el #bootcamp de #DesarrolloWebFullStack de @formacion_fuc3 y @TheBridge_Tech ? ğŸ¤—Â¡Ven a nuestra sesiÃ³n informativa!

ğŸ“…14 diciembre
â°17h.
ğŸ“ Campus de Puerta de Toledo u online.

Entradas ğŸŸ https://t.co/tzLp85K5Uc

Â¡Resolveremos todas tus dudas!ğŸ˜‰ https://t.co/VjVArHXbfF",0,3,0,0,3
51,137698811,2022-11-29T10:31:58.000Z,1597538855539789825,"@ISMSForum y @Cyber_Madrid  te invitan al ""I Congreso de #Ciberseguridad para #pymes""
ğŸ“…14 de diciembre 2022, presencial. PÂº de Recoletos, 15, Madrid (Sede de @TheBridge_Tech)
ğŸ•¤ De 09.00h a 14.30h.
InscrÃ­bete gratis con el cÃ³digo ICONCIBERMAD22
ğŸ‘‡ğŸ‘‡ğŸ‘‡
https://t.co/2QuSKycUFg https://t.co/F883uUCXzY",0,2,1,0,1
52,2402179123,2022-11-29T07:18:02.000Z,1597490049087520769,"â˜• MiÃ©rcoles 30 NOV 9:00 @BAT_Tower Desayuno: La urgencia de cerrar la brecha de #talento digital en #Euskadi.
â¡ https://t.co/I5GS4SlhTR

ğŸ» Jueves 1 DIC 18:30 @BBK_Kuna: Open Day BBK #Bootcamps by @TheBridge_Tech
â¡ https://t.co/zfkRFWmYmm

Nos allÃ­!",0,5,0,0,5
53,1162694149956603904,2022-11-28T14:17:28.000Z,1597233215789355009,"Ãlvaro querÃ­a reorientar su carrera hacia el #uxuidesign ğŸ¤³ Buscaba algo rÃ¡pido y enfocado al usuario. EncontrÃ³ el #bootcamp en #uxuiproductdesign de @TheBridge_Tech y tan solo unos meses mÃ¡s tarde ya estaba trabajando en sector ğŸ™Œ

Â¡Gracias Ãlvaro por contar tu experiencia! https://t.co/SqCQe2PPo1",0,1,0,0,1
54,1407291884901482496,2022-11-28T08:12:55.000Z,1597141474600050690,"@Cyber_Madrid  organiza el I Congreso de #Ciberseguridad para #pymes
ğŸ“… 14 de diciembre 2022
ğŸ™ modalidad presencial
ğŸ¢ Palacio LÃ³pez-DÃ³riga, PÂº de Recoletos, 15, Madrid (Sede de @TheBridge_Tech)
ğŸ•¤09.00h a 14.30h.
InscrÃ­bete ya! Aforo limitado
ğŸ‘‡ğŸ‘‡ğŸ‘‡
https://t.co/kH1Nf3p6jU https://t.co/qil8He6ZVV",0,2,0,0,1
55,823470817963032576,2022-11-24T12:15:15.000Z,1595752907684843520,"ğŸ”µAcelera tu carrera digital con #BBKBootcamps.

Gracias a la colaboraciÃ³n entre @BBK_eus y @TheBridge_Tech podrÃ¡s formarte con los mejores profesionales para lograr un trabajo con proyecciÃ³n.

ğŸ”—Elige tu curso https://t.co/RxICpzj9N6

#ux #developers #ciberseguridad #datascience",0,4,0,0,3
56,1162694149956603904,2022-11-23T10:13:36.000Z,1595359906747617280,"Â¡Ven a conocer los BBK bootcamps powered by @TheBridge_Tech! @BBK_eus 

PrÃ³ximo Open DayğŸ¤—
ğŸ“…1 dic
â°18.30
ğŸ“ @BBK_Kuna, Urazurrutia Kalea 3, Bilbao

Â¡LÃ¡nzate a por una carrera digital!
 
ğŸŸEntradas https://t.co/NBgXWjSYcE

#uxui #ciber #desarrollowebfullstack #datascience https://t.co/KFsgFfom5B",0,3,0,0,4
57,783248945761910788,2022-11-22T08:18:42.000Z,1594968601265586178,"Acelerando juntos el #talentodigital en EspaÃ±a. El prÃ³ximo 24 de noviembre, nuestro #CEO Juan Zamora presentarÃ¡ Hopla! en las instalaciones de .@TheBridge_Tech a las 17:30h. Contaremos quiÃ©nes somos, quÃ© hacemos y cÃ³mo desarrollar una #carrerarofesional fructÃ­fera con nosotros. https://t.co/Sw9EUswIQ2",0,3,0,1,1
58,702077405045899264,2022-11-22T08:05:10.000Z,1594965197613322241,"Ikasi gaur etorkizuneko lanbideak, izena eman #BBKBootcamp -ean â© https://t.co/xvm6ekbcMQ

@TheBridge_Tech -ekin batera,  Full Stack Web Garapena, Data Science, Zibersegurtasuna eta UX UI produktu digitalaren diseinuari buruz ikasteko aukera izango duzu. https://t.co/oxEOX35Osa",0,2,0,0,1
59,702077405045899264,2022-11-22T08:01:31.000Z,1594964278238654471,"Aprende hoy las profesiones del futuro, Â¡inscrÃ­bete en el #BBKBootcamp â© https://t.co/uJcCKObkPz

Junto con @TheBridge_Tech podrÃ¡s aprender sobre Desarrollo Web Full Stack, Data Science, Ciberseguridad y DiseÃ±o de producto digital UX UI. https://t.co/wdbmRphsAx",0,2,0,0,2
60,936539844079218688,2023-03-07T17:16:14.000Z,1633154604018876416,"Â¡Hola #dataholics! La primavera trompetera se siente por las esquinasğŸŒ¼y para celebrarlo estamos organizando una nueva ediciÃ³n de #Databeers (Â¡y van 19!):

ğŸ“…Jueves 23/03 19.00
ğŸ“ @sngular #Sevilla 
ğŸ» by @opensistemas y @TheBridge_Tech 

Â¡INSCRÃBETE! https://t.co/fK5QNZzE5m",357,8,1,0,3
61,1585726199485140993,2023-03-06T10:38:30.000Z,1632692123412594688,"Las inscripciones se realizarÃ¡n por Eventbrite. Cualquier duda estamos por MD o al correo info@esoliupo.es
https://t.co/xhVr7VXcF3

@epsUPO @TheBridge_Tech",31,0,0,0,0
62,1585726199485140993,2023-03-06T10:38:30.000Z,1632692120719859712,"Â¡Por fin podemos publicar el cartel con los ponentes para el #cybersecTalks! Si estÃ¡s interesadx en alguna de las temÃ¡ticas que aparecen no dudes en venir, es totalmente gratuito gracias al patrocinio de @TheBridge_Tech y la colaboraciÃ³n de @epsUPO @pablodeolavide 
(+ info abajo) https://t.co/JF85MDGmXc",950,5,1,1,3
63,41545659,2023-03-06T08:48:56.000Z,1632664546665025536,"Encuentro de la @mlopscommunity en Madrid: ""MLOPs: desde las trincheras"" https://t.co/CHojEAs7ij en @TheBridge_Tech Ven a conocer la prÃ¡ctica #MLOps en Correcto., @Busuu @wallapop https://t.co/odie5CAuHU",90,3,0,0,1
64,925597948410580993,2023-03-04T22:32:56.000Z,1632147141224275970,@nodosenlared @snowded @TheBridge_Tech Muy buena foto desde el CÃ­rculo de Bellas Artes,35,1,0,0,0
65,276656109,2023-03-04T14:08:54.000Z,1632020293509083137,@PauMugarra @ToniDorta @TheBridge_Tech https://t.co/qv4oryC9i3,28,2,0,0,0
66,1003872445,2023-03-04T11:22:58.000Z,1631978537904222211,"El meetup del jueves 9 de marzo con @ToniDorta se realizarÃ¡ finalmente @TheBridge_Tech ğŸ˜„
Nos sentimos tremendamente agradecidos por su generosidad.
Â¡Nos vemos este jueves!",1068,9,1,1,3
67,763727449,2023-03-03T15:13:49.000Z,1631674245896982528,Hoy me llegÃ³ esta estupenda mochila y unos gadgets por pasar el RampUp del #Bootcamp de desarrollo web Gracias a @TheBridge_Tech por este detalle ğŸ˜±ğŸ§‘â€ğŸ’» #FullStackDeveloper https://t.co/0NY1BjTBHH,10,0,0,0,0
68,1207228796593745920,2023-03-03T10:26:54.000Z,1631602040739713024,"@rperezmarco @BitcoinTuesday_ @TheBridge_Tech ğŸ‘‡ğŸ‘‡
https://t.co/OM7PuFfhhv",45,0,0,0,0
69,1207228796593745920,2023-03-03T10:22:22.000Z,1631600898777444354,"Ya esta publicado el meetup de @BitcoinTuesday_ para este 14 de Marzo a las 7PM en @TheBridge_Tech 
Muy interesante:
""Aplicaciones sobre Bitcoin con Agram Project!
Crea aplicaciones sin necesidad de usar cÃ³digo, sobre el stack de tecnologÃ­as de Bitcoin""
 
https://t.co/NQu4cxiPPh",442,11,1,0,4
70,1207228796593745920,2023-03-03T06:54:01.000Z,1631548465649008640,"@rperezmarco @BitcoinTuesday_ @TheBridge_Tech No, espero que hoy nos digan y se comunique ğŸ˜¬ğŸ˜¬ https://t.co/0rFMxwrlo6",73,0,0,0,0
71,2603024598,2023-03-03T05:33:19.000Z,1631528154744406018,@decentralized_b @BitcoinTuesday_ @TheBridge_Tech Que suspense! Miniscript?,182,2,0,2,0
72,1207228796593745920,2023-03-02T10:44:35.000Z,1631244101902270464,"Este 14 de Marzo hay meetup en Madrid de @BitcoinTuesday_ , se va a hablar de un proyecto muy interesante para poder realizar desarrollos sobre Bitcoin. En breve se pasarÃ¡n los detalles
Ir reservando el dÃ­a y la hora, 7 PM en @TheBridge_Tech",2331,21,1,2,11
73,1099588676181471233,2023-03-01T07:24:05.000Z,1630831255922114562,"@TheBridge_Tech @Vacolba , interesante",12,0,0,0,0
74,67324480,2023-02-28T10:24:35.000Z,1630514293870321670,"@TheBridge_Tech Product Marketing Specialist Online
The Bridge | Digital Talent Accelerator  Madrid 
28.000 - 30.000 â‚¬
https://t.co/Ns3Uce2kpZ",7,0,0,0,0
75,1685197165,2023-02-17T13:30:41.000Z,1626574858590076928,"@42UrdulizFTef @EstiLeon @workinlansummit @TheBridge_Tech @BBK_eus @PSEBizkaia @josebamondarain @grupo_ssi @socialistavasco @PSEBilbao @MtzGra @elcorreo_alava @elcorreo_com @metxebarria_vg @mjgutierrez_upv @nora_abete @LanDpto @Aranglez21 @Ararteko En Instagram, las Ãºltimas fotografÃ­as publicadas del #WORKinlan puedes verlas en la siguiente pantalla ğŸ‘€ ğŸ“¸ https://t.co/jS6AniB15V",58,2,0,0,0
76,1685197165,2023-02-17T13:28:00.000Z,1626574185572040705,"@42UrdulizFTef @EstiLeon @workinlansummit @TheBridge_Tech @BBK_eus @PSEBizkaia @josebamondarain @grupo_ssi @socialistavasco @PSEBilbao @MtzGra @elcorreo_alava @elcorreo_com @metxebarria_vg @mjgutierrez_upv @nora_abete @LanDpto @Aranglez21 @Ararteko Victoria, Bilbao y AlcalÃ¡ de Henares, estÃ¡ acompaÃ±ado por MÃ©xico ğŸ‡²ğŸ‡½ en el #WORKinlan https://t.co/5AD7H6a9eH",53,2,0,1,0
77,1685197165,2023-02-17T13:26:43.000Z,1626573861423575040,@42UrdulizFTef @EstiLeon @workinlansummit @TheBridge_Tech @BBK_eus @PSEBizkaia @josebamondarain @grupo_ssi @socialistavasco @PSEBilbao @MtzGra @elcorreo_alava @elcorreo_com @metxebarria_vg @mjgutierrez_upv @nora_abete @LanDpto @Aranglez21 @Ararteko Ya se superan los ğŸ’¯ tuits gracias a la ayuda de las 61 cuentas que se animaron a publicar con el #ï¸âƒ£ #WORKinlan https://t.co/J5zhqTWYYw,52,2,0,1,0
78,1685197165,2023-02-17T13:25:58.000Z,1626573673527234560,@42UrdulizFTef @EstiLeon @workinlansummit @TheBridge_Tech @BBK_eus @PSEBizkaia @josebamondarain @grupo_ssi @socialistavasco @PSEBilbao @MtzGra @elcorreo_alava @elcorreo_com Muy buenas interacciones estÃ¡n teniendo las comunidades de las siguientes cuentas que copan el TOP 12 del #WORKinlan ğŸ† https://t.co/g8SdZl1vL2,72,2,0,1,0
79,1685197165,2023-02-17T13:23:22.000Z,1626573019844907008,@42UrdulizFTef @EstiLeon @workinlansummit @TheBridge_Tech @BBK_eus Hoy finaliza #WORKinlan y lo hace ya con una buena participaciÃ³n en Twitter y eso que aÃºn queda todo el dÃ­a de hoy ğŸ’ª https://t.co/54lcCbyUGi,51,0,0,1,0
80,1288769305014939650,2023-02-16T17:07:33.000Z,1626267048434192385,".@EstiLeon, Responsable del campus #42UrdulizFTef ya se encuentra participando de la mesa redonda - ""Nuevos formatos en la formaciÃ³n"" del @workinlansummit!

Compartimos mesa con BBK Bootcamps by 
@TheBridge_Tech, IED KunsthalBilbao y @BBK_eus
 
#WORKinlan #Bizkaia #EducaciÃ³n https://t.co/Iu6ZYqlFLz",605,10,0,1,5
81,1003872445,2023-02-16T09:51:54.000Z,1626157411085033472,"Buenos dÃ­as CPSers!
Hoy podemos confirmar que el tercer meetup de la comunidad #CPS en Madrid serÃ¡ en @TheBridge_Tech. Agradecemos enormemente la generosidad de este espacio, y os esperamos el miÃ©rcoles que viene!

P.D: AÃºn quedan unas pocas plazas, estÃ¡is a tiempo de apuntaros",243,4,0,1,0
82,1099588676181471233,2023-02-16T06:07:55.000Z,1626101043908993026,@TheBridge_Tech @Vacolba @andresmacariog interesante,28,1,0,0,0
83,1530194743786881024,2023-02-15T11:06:22.000Z,1625813763751305216,"Gracias a nuestros amigos @TheBridge_Tech por acogernos ayer en una manera bastante flexible, tenÃ©is el equipo mÃ¡s adorable de todo Madrid! â™¥ï¸

Fue genial pasar San ValentÃ­n hablando #Bitcoin  ğŸ™ https://t.co/n7AYdhuu8V",762,10,0,1,2
84,4899284631,2023-02-13T13:36:10.000Z,1625126689150738438,"Les compartimos un mini resumen del 1Âº encuentro de #reinventadxs

Y anunciamos que entramos en la cuenta regresiva del 2Âº, apÃºntate esta fecha: 30 de marzo.

Â¿Te vemos en #Madrid?

Gracias a @thebridge_tech y el @milmadrid_ por hacerlo posible y nos vemos pronto!

#mytechplan https://t.co/z5fwZzNR5w",204,2,1,0,0
85,106344840,2023-02-07T09:51:05.000Z,1622895716291997696,"Â¡Nuevo taller de #empleabilidad en #Sevilla junto a 
@InfoJobs! ğŸ’¼

Â¡En @ENCamaraSevilla abordaremos las nuevas #oportunidadeslaborales en el sector digital!

ğŸ“ El 8 de febrero, a las 17:30h, en el Campus de @camaradesevilla con @TheBridge_Tech.

Infoâ¤µï¸

https://t.co/FFl1AV5DBf https://t.co/xUqEenBPZI",421,6,0,0,2
86,1288769305014939650,2023-02-06T19:39:50.000Z,1622681492622127104,"@globalgamejam en #42UrdulizFTef, organizado con la colaboraciÃ³n de @DigiPenBilbao y BBK Bootcamps by @TheBridge_Tech

70 jammers. 48 h. NON STOP.

Â¿Quieres saber mÃ¡s sobre este eventazo? Visita nuestra web ğŸ‘‰ https://t.co/6vtlTFr4Yt

#GGJ42FTef #GGJ #VideoGames #hackathon https://t.co/kBruFy1Atq",52,3,0,0,0
87,2611663910,2023-02-03T06:32:08.000Z,1621396098936864768,"Un placer asistir ayer al ""Taller UX/UI - CÃ³mo maximizar el valor del usuario"" impartido en @EDEMempresarios por @TheBridge_Tech  y Miriam SÃ¡nchez MuÃ±oz ğŸ‘ğŸ‘ğŸ‘ https://t.co/sG2PeFjMYq",275,2,0,1,1
88,1065627197115981824,2023-02-02T17:38:37.000Z,1621201435483426820,Inicia MasterClass #DataScience Â¿una #IA para gobernarlos a todos? @TheBridge_Tech @BBK_Kuna @BBK_eus #AI #ChatGPT #NLP https://t.co/FfDRNdSetk,80,1,0,0,0
89,2218313375,2023-02-02T17:37:03.000Z,1621201042368086017,Masterclass en Data Science de los BootCamps de BBK powered by @TheBridge_Tech #artificalintelligence #ChatGPT https://t.co/Mefh3L19Gk,30,0,0,0,0
90,10279282,2023-02-02T17:32:09.000Z,1621199810345705473,"Â¿Una IA para gobernarlos a todos?
@TheBridge_Tech https://t.co/CSeXEljxzF",50,0,0,1,0
91,112458375,2023-02-02T09:46:33.000Z,1621082634943365120,InteresantÃ­sima jornada de #ProptechThursdays con @TheFringeLABS @DavidHueso #propper #hanok @CasafariRE @IntrumES @TheBridge_Tech https://t.co/va4wjPTBnJ,118,4,0,0,2
92,207894341,2023-02-02T09:41:59.000Z,1621081485695385601,"Nos hemos unido a @edemempresarios y @thebridge_tech para fomentar la formaciÃ³n en disciplinas digitales. ğŸ’»

Ofrecemos hasta 60 paquetes de ayudas para estudiar uno de los cuatro bootcamps impartidos en Valencia.

Â¿Te vienes? ğŸ‘‰ğŸ¼ https://t.co/Ho6EwFqYen https://t.co/yKfKwXmTMq",416,3,0,0,3
93,2402179123,2023-02-02T08:44:00.000Z,1621066894093733889,"HOY a las 18:30 en @BBK_Kuna 

ğŸ§ ğŸ¤– Masterclass sobre Inteligencia Artificial #ChatGPT y otras IAs

TambiÃ©n explicaremos el #Bootcamp de #DataScience en #Bilbao 

@BBKnetwork @BBK_eus @TheBridge_Tech 

https://t.co/JiGdrdVPRf https://t.co/CBgyKBDtnm",226,6,0,0,4
94,4899284631,2023-02-01T10:56:22.000Z,1620737818967576577,@Yenito_ @milmadrid_ @Ari_Reinventada @Gobuub @TheBridge_Tech @madridinnova @Puerta_Inno @LaNaveMadrid @MADRID Que bueno! Nos vemos ahÃ­!! ğŸ˜Š,33,2,0,0,0
95,1068424025356021760,2023-01-31T17:39:02.000Z,1620476763989250048,@Yenito_ @milmadrid_ @Gobuub @TheBridge_Tech @my_tech_plan @madridinnova @Puerta_Inno @LaNaveMadrid @MADRID Nos vemos ahÃ­ğŸ˜ŠğŸ˜Š,35,2,0,0,0
96,1437857235036786693,2023-01-31T17:35:11.000Z,1620475795100831746,@milmadrid_ @Ari_Reinventada @Gobuub @TheBridge_Tech @my_tech_plan @madridinnova @Puerta_Inno @LaNaveMadrid @MADRID Que interesante esto! Ya me apuntÃ©,45,3,0,2,0
97,55539458,2023-01-30T09:45:55.000Z,1619995313510711296,@nodosenlared @snowded @TheBridge_Tech Check my books related to this post. Please Share https://t.co/xvWVD2Eq1Z,4,0,0,0,0
98,550417439,2023-01-28T07:30:07.000Z,1619236364343513088,"Recordamos tb a las patrocinadoras PLATINO. Comprometidas desde el minuto cero y sin las cuales, este evento no serÃ­a lo que va a ser: ENORME ğŸ¥° 
@plainconcepts @LifullConnEng  @bbk_eus by @TheBridge_Tech 

Y KUDOS a @bilbao_udala @BilbaoEkintza como patrocinador principal https://t.co/bsxWeRkKGD",969,5,0,0,1
99,1101664008,2023-01-27T16:06:53.000Z,1619004022673018880,"@jorgegrev was one of the reasons I got into community. He has built countless communities/initiatives, brought tons of new folks into the ecosystem. He's currently rocking the @BBK_eus Bootcamp with @TheBridge_Tech helping unemployed people learn tech! https://t.co/m6QXoH6V69",124,1,0,1,1
100,550417439,2023-01-27T16:00:08.000Z,1619002323685998595,"Â¡Estudia ahora y paga cuando encuentres trabajo! ConviÃ©rtete en experto digital con los #bootcamps de @bbk_eus by @TheBridge_Tech ğŸ‘©â€ğŸ’» En formato full time o part time tardes, presencial o hÃ­brido Â¡tÃº decides! 
 
MÃ¡s info â¡ https://t.co/eVj9kI4yZH",511,2,0,0,0
101,1455515154133786625,2023-01-27T14:08:51.000Z,1618974318062624770,"ğŸ¤ğŸ» Un placer aportar nuestro granito de arena en el #bootcamp de @TheBridge_Tech 

Gracias a todos los asistentes por la acogida, estamos ultimando detalles de nuestra GuÃ­a de Empleo para que la tengÃ¡is disponible a lo largo del mes de febrero ğŸ“ŒğŸ

Â¡Nos vemos pronto!ğŸ˜ https://t.co/CLTRmUN9Ob",99,3,0,0,0
102,550417439,2023-01-27T11:15:00.000Z,1618930569097748481,"Se buscan personas para cambiar de vida ğŸ˜Â¿Listo para ser una de ellas? Dale un giro a tu carrera y entrÃ©nate en las profesiones mÃ¡s demandas con los bootcamps de @bbk_eus by @TheBridge_Tech ğŸš€ 
 
Â¿Quieres saber mÃ¡s? â¡ https://t.co/eVj9kI4yZH",328,1,0,0,0
103,1598663768136884225,2023-01-26T19:45:31.000Z,1618696655397863424,@nodosenlared @snowded @TheBridge_Tech https://t.co/xf694hxuZh,4,0,0,0,0
104,1455515154133786625,2023-01-26T15:37:10.000Z,1618634157013467136,"ğŸ“Œ Hoy 26 de enero, tenemos el placer de participar en el Bootcamp de @TheBridge_Tech 

Nuestro COO @javiercadierno hablarÃ¡ sobre empleabilidad en el marco actual

ğŸ Como novedad, tambiÃ©n presentaremos una nueva GuÃ­a de Empleo que estarÃ¡ disponible en febrero 

Â¡Nos vemos!âœŒğŸ»",118,4,0,0,2
105,1524905248007114783,2023-01-26T15:23:40.000Z,1618630761564995585,@nodosenlared @snowded @TheBridge_Tech Y eso es religiÃ³n??,9,0,0,0,0
106,106344840,2023-01-26T12:58:57.000Z,1618594341152522243,"ğŸ¯Â¿Te gustarÃ­a acelerar tu #talento digital?
 
Â¡Descubre las ventajas y oportunidades que ofrecen los #Bootcamps de @ENCamaraSevilla y @TheBridge_Tech, que se celebran en #Sevilla!

ğŸ•Hoy a las 18:00hâ¡ï¸Â¡TodavÃ­a estÃ¡s a tiempo de lanzar tu futuro!

Info:

https://t.co/6uJDY9Hs1E https://t.co/rsbnVAP9Y1",197,3,0,0,0
107,41545659,2023-01-24T20:44:09.000Z,1617986634817105922,"Advanced #Cynefin, Estuarine mapping &amp; EUFG Masterclass (Madrid) https://t.co/H5ZSjbLfpZ | Los interesados en la aplicaciÃ³n de las ciencias de la complejidad en nuestro paÃ­s tendremos la oportunidad de aprender de @snowded en persona el 16/3/23 en la sede de @TheBridge_Tech",163,3,0,0,0
108,3364895487,2023-01-24T14:12:35.000Z,1617888094166061058,@nodosenlared @snowded @TheBridge_Tech https://t.co/1KGul9dGbg,12,0,0,0,0
109,2402179123,2023-01-24T08:03:43.000Z,1617795268229070848,"ğŸ“…Este jueves a las 18:30 en @BBK_Kuna #masterclass de desarrollo web #FullStack por @AlejandroRegex 

Descubre como introducirte al mundo de la #programaciÃ³n Web gracias a #BBKbootcamps 

@BBK_eus @TheBridge_Tech @BBKnetwork #Bilbao 

â¡ï¸InscripciÃ³n: https://t.co/k3ghb3Ys92 https://t.co/9JOy3bRRCp",182,1,2,0,1
110,4899284631,2023-01-23T10:18:56.000Z,1617466909334638592,"Pero aquÃ­ no termina esto! DespuÃ©s de las charlas, podrÃ¡s conocerlos y charlar con ellos, ya que compartiremos unas caÃ±as ğŸ» y haremos networking del bueno, ademÃ¡s de que sÃ³lo por asistir tendrÃ¡s la posibilidad de acceder a becas especiales de nuestro partner @TheBridge_Tech",45,1,0,1,0
111,550417439,2023-01-23T09:34:56.000Z,1617455834924982272,"Aprende hoy las profesiones del futuro ğŸ‘¨â€ğŸ’» FÃ³rmate en #UxUiProductDesign, #DesarrolloWebFullStack, #DataScience y #Ciberseguridad con los bootcamps de @bbk_eus by @TheBridge_Tech y acelera tu carrera digitalğŸš€
MÃ¡s info ğŸ‘‰ https://t.co/fMszTZfHld",409,3,0,0,1
112,1288769305014939650,2023-01-20T17:31:22.000Z,1616488570008768514,"ğŸ’¥ Llega la @globalgamejam , a #42UrdulizFTef, Ãºnica sede en Bizkaia del evento de desarrollo de #videojuegos ğŸ® mÃ¡s grande del mundo ğŸŒ

ğŸ—“ 3-5 FEB
ğŸ“ 42 Urduliz

Con la colaboraciÃ³n de @DigiPenBilbao y @TheBridge_Tech @BBK_eus 

âœï¸ InscrÃ­bete gratis en https://t.co/PV3kJn7Vvv https://t.co/IK9QGeuKeo",489,9,0,0,4
113,2402179123,2023-01-20T09:17:27.000Z,1616364270710853641,"â“ Â¿Para quiÃ©n es un #bootcamp? Â¿Tengo que saber de tecnologÃ­a previamente? Â¿QuÃ© me puede aportar si ya tengo un perfil tecnolÃ³gico? En este vÃ­deo encontrarÃ¡s respuestas.

â¡ Un click para el cambio: https://t.co/vLc8dw80y6

@TheBridge_Tech @BBK_Kuna @BBK_eus https://t.co/BSSdNSY87l",123,1,0,0,1
114,91876265,2023-01-19T13:45:11.000Z,1616069260375195655,Un buen resumen de mi charla de ayer sobre vulnerabilidades en el proceso de #CPS en @TheBridge_Tech. https://t.co/fuv2COGgIB,251,5,0,0,2
115,1003872445,2023-01-19T09:54:51.000Z,1616011296851300352,"@Godivaciones @Recuenco @ae_bm @TheBridge_Tech @ddamasd Â¡Hola MarÃ­a!
Esto es una comunidad abierta y puede venir quien quiera. Solemos anunciar estos eventos en Twitter y en LinkedIn. Si quieres que te lleguen avisos al correo de cuando publicamos un evento, te puedes apuntar al grupo aquÃ­: https://t.co/X4OS5LzTk9",861,4,0,0,3
116,1003872445,2023-01-19T09:51:54.000Z,1616010552110718982,@nudpiedo @Recuenco @Godivaciones @ae_bm @TheBridge_Tech @ddamasd Gracias por esta aclaraciÃ³n VÃ­ctor.,34,2,0,0,0
117,7154412,2023-01-18T21:45:55.000Z,1615827851596505095,@nudpiedo @Godivaciones @ae_bm @TheBridge_Tech @ddamasd @PauMugarra Es una reuniÃ³n fÃ­sica de la comunidad CPS que gestiona @PauMugarra,159,4,0,0,1
118,866742930,2023-01-18T21:31:09.000Z,1615824135321526278,"@Recuenco @Godivaciones @ae_bm @TheBridge_Tech @ddamasd @PauMugarra Sobreentiendo que se refieren a este https://t.co/QJdYaEsjyF

Meetup, es una App de gente que organiza quedadas temÃ¡ticas. La mayor parte de gente no se conoce a priori, puede ser de cualquier tema, estÃ¡ en todo el mundo.

Ahora quiero tambiÃ©n saber yo si es otra cosa.",128,3,0,2,0
119,7154412,2023-01-18T20:34:31.000Z,1615809886566363136,@Godivaciones @ae_bm @TheBridge_Tech @ddamasd Habla con @PauMugarra .,181,2,0,1,0
120,17287251,2023-01-18T20:25:09.000Z,1615807528398426126,"@Recuenco @ae_bm @TheBridge_Tech @ddamasd Una cosa, puede ir cualquiera-cualquiera? Porque se debe anunciar en algÃºn sitio, y no sÃ© quiÃ©nes son â€œla comunidadâ€. Los de las afueras de la comunidad cabemos? (Para cuando puedaâ€¦).",282,3,0,2,0
121,17287251,2023-01-18T20:14:43.000Z,1615804903854641156,@Recuenco @ae_bm @TheBridge_Tech @ddamasd âœŒï¸,75,1,0,0,0
122,7154412,2023-01-18T20:07:26.000Z,1615803069970714637,"@ae_bm @Godivaciones @TheBridge_Tech @ddamasd Eso es. Y estÃ¡ abierto a toda la comunidad, no hace falta que sean alumnos.",224,1,0,2,0
123,141272779,2023-01-18T19:23:29.000Z,1615792007909199872,@Godivaciones @Recuenco @TheBridge_Tech @ddamasd creo que son independientes y el lugar del meetup puede variar,150,2,0,1,0
124,17287251,2023-01-18T19:16:40.000Z,1615790291578929185,@ae_bm @Recuenco @TheBridge_Tech @ddamasd Ya. Pregunto si estÃ¡ integrado en su mÃ¡ster (en colaboraciÃ³n con The Bridge) o es otra cosa distinta. Pero ahora creo recordar que el master CPS es online estricto.,136,2,0,1,0
125,417307513,2023-01-18T19:01:43.000Z,1615786531943235599,@Godivaciones @Recuenco @TheBridge_Tech @ddamasd Una charla de Diana en el marco de la comunidad CPS. Abierto a quien le apetezca ir,102,2,0,0,0
126,141272779,2023-01-18T18:59:29.000Z,1615785967180201995,@Godivaciones @Recuenco @TheBridge_Tech @ddamasd Meetup,138,1,0,1,0
127,17287251,2023-01-18T18:48:45.000Z,1615783265872510976,@Recuenco @TheBridge_Tech @ddamasd Es tu master? Otra cosa?,612,1,0,2,0
128,212364786,2023-01-18T18:23:30.000Z,1615776913410392065,Mira las rectas en el techo de las fotos de @modaquetepario y de @Recuenco. Puede que el mÃ¡ster de #CPS ayude a encontrar la forma de convertir las luminarias del techo de @TheBridge_Tech en #Madrid en la sede de la oficina donde estÃ¡ @modaquetepario https://t.co/ba848HlgZs,273,2,0,0,0
129,1610073819791728640,2023-01-18T18:15:04.000Z,1615774789850775558,@Recuenco @TheBridge_Tech @ddamasd QuÃ© suerte !!,179,2,0,0,0
130,7154412,2023-01-18T18:06:30.000Z,1615772633773256706,En plena meet-up de CPS en @TheBridge_Tech con @ddamasd https://t.co/MkhnOh2Mzw,6600,35,1,2,5
131,1232105203,2023-01-18T17:11:05.000Z,1615758687330791424,"@TheBridge_Tech Hola, estoy intentando entrar en la videoconferencia con vuestro enlace, pero no parece que funcione.",22,0,0,0,0
132,2402179123,2023-01-17T12:34:14.000Z,1615326631807291392,"Â¿Sabes quÃ© es un #ğ—³ğ˜‚ğ—¹ğ—¹ğ˜€ğ˜ğ—®ğ—°ğ—¸ ğ—±ğ—²ğ˜ƒğ—²ğ—¹ğ—¼ğ—½ğ—²ğ—¿? Â¿Te gusta la ğ—½ğ—¿ğ—¼ğ—´ğ—¿ğ—®ğ—ºğ—®ğ—°ğ—¶ğ—¼Ìğ—» #ğ˜„ğ—²ğ—¯? El ğ—±ğ—¶Ìğ—® ğŸ®ğŸ² ğ—²ğ—» @BBK_Kuna te invitamos a una #masterclass introductoria con @AlejandroRegex

Organizada por #BBKbootcamps @BBK_eus @TheBridge_Tech https://t.co/k3ghb3Ys92",124,2,0,0,1
133,163586106,2023-01-17T09:27:40.000Z,1615279680126337025,"ğŸ¯Â¿Quieres saber cÃ³mo acelerar tu talento digital?
 
Â¡Entonces no puedes perderte nuestra jornada de puertas abiertas de #Bootcamps que organiza @TheBridge_Tech!

Â¡Te esperamos!â¤µï¸â€Š

ğŸ“Sede FormaciÃ³n (Calle Isabela, 1)
ğŸ“…â€Š26 de enero a las 18:00H
ğŸ“²â€Šhttps://t.co/LJXSoA2yR4 https://t.co/0mPVb2sQak",486,2,1,0,0
134,41545659,2023-01-15T13:16:24.000Z,1614612465769234434,@snowded @TheBridge_Tech El taller profundizarÃ¡ en el empleo de los Hexi Method Kits https://t.co/DT5pAp89mg por primera vez en EspaÃ±a.  Estos kits sirven para consolidar mÃ©todos y herramientas multidisciplinares y aplicarlos a problemas del mundo real siempre con un enfoque #AnthroComplexity. https://t.co/UapGlLqoUg,394,9,0,0,3
135,41545659,2023-01-15T13:16:24.000Z,1614612464657653760,"@snowded @TheBridge_Tech Se trata de un taller avanzado, que cubre los Ãºltimos avances en los diferentes marcos desarrollados por @snowded , con especial menciÃ³n del #Estuarine framework. https://t.co/8EVHVXGYmc , en mi opiniÃ³n la aportaciÃ³n mÃ¡s importante hecha en 2022 en materia de #AppliedComplexity https://t.co/mUCg9eywvt",1766,10,0,1,5
136,41545659,2023-01-15T13:16:23.000Z,1614612463361695747,"Advanced #Cynefin, Estuarine mapping &amp; EUFG Masterclass (Madrid) https://t.co/H5ZSjbKHAr | Los interesados en la aplicaciÃ³n de las ciencias de la complejidad en nuestro paÃ­s tendremos la oportunidad de aprender de @snowded en persona el 16/3/23 en la sede de @TheBridge_Tech https://t.co/LavCfgYIht",225761,321,4,7,49
137,2402179123,2023-01-13T08:55:42.000Z,1613822083259146240,"AsÃ­ fue la jornada de diseÃ±o de producto digital #uxui ayer en @BBK_Kuna impartida por JosÃ© Luis Tienza de @TheBridge_Tech 

Si te quedaste con ganas de mÃ¡s aquÃ­ tienes nuestro #BBKbootcamp https://t.co/Yoq7FGIH1T https://t.co/W5eHltyp8X",120,3,0,0,2
138,2529499620,2023-01-12T12:54:44.000Z,1613519848339808262,"Â¿Quieres dedicarte al #desarrolloweb?
Â¡ConÃ©ctate a nuestra sesiÃ³n informativa y conoce nuestro #bootcamp junto @TheBridge_Tech !

ğŸ“†17 ene
â°17h
ğŸ’»Online

Entrada gratuita ğŸŸ
https://t.co/y2a9xcIrxz

#desarrollowebfullstack #programacionweb #backend #frontend https://t.co/fXjSfpXt1g",153,1,0,0,2
139,874916978665938945,2023-01-12T10:20:00.000Z,1613480908304048132,"ğŸ§ Â¿Quieres ser un profesional de la #ciberseguridad, el diseÃ±o de productos UX/UI, el Data Science o el desarrollo #FullStack?

InscrÃ­bete al OpenDay de @EDEMempresarios powered by @TheBridge_Tech que se realizarÃ¡ hoy a las 18:00 en sus instalaciones ğŸ¤³
https://t.co/Nwl3MnKFmU",342,4,0,0,1
140,2402179123,2023-01-12T08:31:28.000Z,1613453595323645952,"HOY #masterclass de #UXUI IntroducciÃ³n al diseÃ±o de #producto digital con Jose Luis Tienza 

ğŸ• 18:30h. en @BBK_Kuna, Urazurrutia Kalea 3, #Bilbao 

Organiza: #BBKbootcamps by The Bridge
@BBK_eus @TheBridge_Tech 

https://t.co/yHHKfmgc0t",151,2,0,0,2
141,2402179123,2023-01-10T10:48:57.000Z,1612763420998213635,"ğŸ‘¨â€ğŸ’» Este ğ—·ğ˜‚ğ—²ğ˜ƒğ—²ğ˜€ ğ—® ğ—¹ğ—®ğ˜€ ğŸ­ğŸ´:ğŸ¯ğŸ¬ ğ—²ğ—» @BBK_Kuna  #Masterclass de diseÃ±o de producto digital #UXUI con Jose Luis Tienza.

Explicaremos cÃ³mo #bbkbootcamps te pueden ayudar a ser un profesional digital gracias a @BBK_eus @TheBridge_Tech 

â¡ï¸ApÃºntate:
https://t.co/yHHKfmgc0t https://t.co/3hWyHylVEb",283,2,1,0,0
142,1003872445,2023-01-09T12:40:07.000Z,1612429007739396097,"Ya tenemos confirmado el sitio donde haremos el meetup de #CPS de la semana que viene. La gente de @TheBridge_Tech, en su infinita generosidad, vuelve a dejarnos su espacio.

Y tambiÃ©n tenemos tÃ­tulo para la charla de @ddamasd: ""Las ingles"".

Â¡Nos vemos allÃ­!",297,7,0,0,2
143,570795448,2023-01-09T09:41:46.000Z,1612384123816910852,"Â¿Quieres desarrollar tu carrera en el mundo digital y tech?Te contamos cÃ³mo en el #OpenDay #Bootcamps con @TheBridge_Tech

Te esperamos si te apasiona el mundo de la ciberseguridad, ciencia de datos, desarrollo de software o diseÃ±o de productos digitalesğŸ‘‰https://t.co/NXRiXndJAD https://t.co/m10cly6Bgv",967,4,2,0,2
144,271028835,2023-01-07T19:55:52.000Z,1611813891322908672,ğŸš€ @EDEMempresarios  y @TheBridge_Tech  se alÃ­an para impartir bootcamps de desarrollo digital y tecnolÃ³gico en Valencia | Valientes Emprendedores https://t.co/OBYdVWWPQy,166,7,0,0,2
145,1530194743786881024,2023-01-06T12:28:27.000Z,1611338908196913153,Gracias a nuestros amigos @TheBridge_Tech por acogernos otra vez! ğŸ™ https://t.co/OWrIrN9j2G,51,2,0,0,0
146,10279282,2023-01-04T15:02:11.000Z,1610652818234347521,"Â¿Te interesa el diseÃ±o de #producto digital? Ven a una #masterclass de #uxui gratuita gracias a #BBKbootcamps

ğŸ“… Jueves 12 de enero a las 18:30h.
ğŸ• 1 hora
ğŸ‘¥ @BBK_Kuna, Urazurrutia Kalea 3, #Bilbao
Organiza: BBK Bootcamps by @TheBridge_Tech  https://t.co/T3xvMIT9My",82,3,0,0,2
147,2402179123,2023-01-04T11:57:41.000Z,1610606391445815297,"Â¡Empezamos el aÃ±o con una #masterclass de #uxui! IntroducciÃ³n al diseÃ±o de #producto digital gracias a Jose Luis Tienza 

ğŸ“… Jueves 12 de enero a las 18:30h.
ğŸ• 1 hora
ğŸ‘¥ @BBK_Kuna, Urazurrutia Kalea 3, #Bilbao
Organiza: BBK Bootcamps by @TheBridge_Tech

https://t.co/yHHKfmgJQ1",116,3,0,0,2
148,874916978665938945,2023-01-02T15:15:00.000Z,1609931268921114627,"ğŸ¤ @EDEMempresarios se alÃ­a con @TheBridge_Tech para impartir bootcamps tecnolÃ³gicos en #Valencia

La alianza busca reducir la brecha digital existente potenciando la formaciÃ³n tecnolÃ³gica con mÃ¡s empleabilidad y demanda dentro del mercado laboral ğŸš€
https://t.co/9zNT9BuCz3",593,5,0,0,1
